Curr_Client_ID,Client_Company_ID,Contact_Title,Contact_Name,Headquarter_Address,Demographics,Phone,Fax,Company_Name,Int_Emp_ID,Reports
8888818960,2987275994,Ms,Belva Schaben,801 Melvin Trail,Natural Gas Distribution,+237 (227) 758-9481,+86 (605) 454-2725,Kazio,91,"Nulla ut erat id mauris vulputate elementum. Nullam varius. Nulla facilisi.

Cras non velit nec nisi vulputate nonummy. Maecenas tincidunt lacus at velit. Vivamus vel nulla eget eros elementum pellentesque.

Quisque porta volutpat erat. Quisque erat eros, viverra eget, congue eget, semper rutrum, nulla. Nunc purus.

Phasellus in felis. Donec semper sapien a libero. Nam dui.

Proin leo odio, porttitor id, consequat in, consequat ut, nulla. Sed accumsan felis. Ut at dolor quis odio consequat varius."
5091548106,8658742806,Dr,Harwell Dunkerk,2703 Packers Center,Computer Software: Prepackaged Software,+33 (400) 296-9913,+86 (399) 990-4722,Abatz,3,"Sed sagittis. Nam congue, risus semper porta volutpat, quam pede lobortis ligula, sit amet eleifend pede libero quis orci. Nullam molestie nibh in lectus.

Pellentesque at nulla. Suspendisse potenti. Cras in purus eu magna vulputate luctus.

Cum sociis natoque penatibus et magnis dis parturient montes, nascetur ridiculus mus. Vivamus vestibulum sagittis sapien. Cum sociis natoque penatibus et magnis dis parturient montes, nascetur ridiculus mus."
6056677508,9670352150,Rev,Wilmette Talloe,830 Raven Drive,Major Banks,+20 (381) 138-6182,+380 (231) 518-3282,Reallinks,80,"Aenean lectus. Pellentesque eget nunc. Donec quis orci eget orci vehicula condimentum.

Curabitur in libero ut massa volutpat convallis. Morbi odio odio, elementum eu, interdum eu, tincidunt in, leo. Maecenas pulvinar lobortis est."
2842991656,9280746839,Rev,Carly De Vere,5376 Transport Avenue,Major Pharmaceuticals,+86 (758) 429-2712,+64 (373) 133-2487,Digitube,81,"Phasellus in felis. Donec semper sapien a libero. Nam dui.

Proin leo odio, porttitor id, consequat in, consequat ut, nulla. Sed accumsan felis. Ut at dolor quis odio consequat varius.

Integer ac leo. Pellentesque ultrices mattis odio. Donec vitae nisi."
0576858749,0338825134,Ms,Manolo Mears,10167 Buhler Hill,Electrical Products,+86 (770) 937-3773,+509 (705) 156-4397,Demimbu,53,"Sed ante. Vivamus tortor. Duis mattis egestas metus.

Aenean fermentum. Donec ut mauris eget massa tempor convallis. Nulla neque libero, convallis eget, eleifend luctus, ultricies eu, nibh.

Quisque id justo sit amet sapien dignissim vestibulum. Vestibulum ante ipsum primis in faucibus orci luctus et ultrices posuere cubilia Curae; Nulla dapibus dolor vel est. Donec odio justo, sollicitudin ut, suscipit a, feugiat et, eros."
3368433717,0742030636,Rev,Giselle Reyes,20 Butterfield Avenue,Major Banks,+86 (842) 586-3479,+7 (617) 848-6638,Photofeed,70,Integer tincidunt ante vel ipsum. Praesent blandit lacinia erat. Vestibulum sed magna at nunc commodo placerat.
5813481834,1100216200,Mrs,Bryna Werner,5 Maple Lane,Biotechnology: Biological Products (No Diagnostic Substances),+62 (330) 744-7345,+255 (345) 490-5151,Devbug,43,"Vestibulum quam sapien, varius ut, blandit non, interdum in, ante. Vestibulum ante ipsum primis in faucibus orci luctus et ultrices posuere cubilia Curae; Duis faucibus accumsan odio. Curabitur convallis.

Duis consequat dui nec nisi volutpat eleifend. Donec ut dolor. Morbi vel lectus in quam fringilla rhoncus."
5575169839,4519922909,Ms,Bary Kaplin,95 Forest Avenue,Packaged Foods,+963 (584) 317-2326,+98 (640) 336-4606,Jaxbean,50,"Fusce consequat. Nulla nisl. Nunc nisl.

Duis bibendum, felis sed interdum venenatis, turpis enim blandit mi, in porttitor pede justo eu massa. Donec dapibus. Duis at velit eu est congue elementum.

In hac habitasse platea dictumst. Morbi vestibulum, velit id pretium iaculis, diam erat fermentum justo, nec condimentum neque sapien placerat ante. Nulla justo.

Aliquam quis turpis eget elit sodales scelerisque. Mauris sit amet eros. Suspendisse accumsan tortor quis turpis.

Sed ante. Vivamus tortor. Duis mattis egestas metus."
7083066353,5966730830,Ms,Nalani McClaurie,7 Clove Alley,Television Services,+420 (111) 861-3255,+351 (972) 841-7139,Linkbridge,29,"Aliquam quis turpis eget elit sodales scelerisque. Mauris sit amet eros. Suspendisse accumsan tortor quis turpis.

Sed ante. Vivamus tortor. Duis mattis egestas metus."
3970945712,3308351692,Mr,Gaston Lambourne,3326 Susan Road,Oil & Gas Production,+33 (152) 316-5666,+46 (352) 842-5054,Gigabox,44,"Nullam porttitor lacus at turpis. Donec posuere metus vitae ipsum. Aliquam non mauris.

Morbi non lectus. Aliquam sit amet diam in magna bibendum imperdiet. Nullam orci pede, venenatis non, sodales sed, tincidunt eu, felis."
9333647112,2335793756,Mr,Marylinda Feeny,69906 Dexter Junction,Industrial Machinery/Components,+242 (599) 372-1582,+381 (293) 315-2800,Jaxnation,2,"Cras non velit nec nisi vulputate nonummy. Maecenas tincidunt lacus at velit. Vivamus vel nulla eget eros elementum pellentesque.

Quisque porta volutpat erat. Quisque erat eros, viverra eget, congue eget, semper rutrum, nulla. Nunc purus.

Phasellus in felis. Donec semper sapien a libero. Nam dui.

Proin leo odio, porttitor id, consequat in, consequat ut, nulla. Sed accumsan felis. Ut at dolor quis odio consequat varius.

Integer ac leo. Pellentesque ultrices mattis odio. Donec vitae nisi."
0622707876,0890803862,Honorable,Gram Risdale,9 Eastlawn Street,Semiconductors,+86 (426) 137-0407,+92 (476) 734-3201,Oyonder,37,"Proin eu mi. Nulla ac enim. In tempor, turpis nec euismod scelerisque, quam turpis adipiscing lorem, vitae mattis nibh ligula nec sem.

Duis aliquam convallis nunc. Proin at turpis a pede posuere nonummy. Integer non velit.

Donec diam neque, vestibulum eget, vulputate ut, ultrices vel, augue. Vestibulum ante ipsum primis in faucibus orci luctus et ultrices posuere cubilia Curae; Donec pharetra, magna vestibulum aliquet ultrices, erat tortor sollicitudin mi, sit amet lobortis sapien sapien non mi. Integer ac neque."
4474591410,3259932526,Rev,Aylmar Mulleary,20 Debs Drive,Computer Software: Prepackaged Software,+374 (130) 789-5096,+970 (385) 675-6362,Voolia,93,"Cras mi pede, malesuada in, imperdiet et, commodo vulputate, justo. In blandit ultrices enim. Lorem ipsum dolor sit amet, consectetuer adipiscing elit.

Proin interdum mauris non ligula pellentesque ultrices. Phasellus id sapien in sapien iaculis congue. Vivamus metus arcu, adipiscing molestie, hendrerit at, vulputate vitae, nisl.

Aenean lectus. Pellentesque eget nunc. Donec quis orci eget orci vehicula condimentum."
3432977689,7756205375,Mrs,Blondell Oxterby,771 Grasskamp Road,Electrical Products,+63 (155) 647-6114,+964 (354) 902-5127,Divavu,73,"Maecenas leo odio, condimentum id, luctus nec, molestie sed, justo. Pellentesque viverra pede ac diam. Cras pellentesque volutpat dui."
9809619766,3776702613,Honorable,Wald McGuane,71 Sheridan Center,Restaurants,+62 (556) 400-0595,+62 (287) 524-9367,Realbuzz,85,"Cras mi pede, malesuada in, imperdiet et, commodo vulputate, justo. In blandit ultrices enim. Lorem ipsum dolor sit amet, consectetuer adipiscing elit."
8125040064,5608208099,Rev,Flossy Wrightson,5475 Dexter Hill,Investment Managers,+961 (776) 730-9979,+7 (772) 422-4516,Ooba,61,"Phasellus sit amet erat. Nulla tempus. Vivamus in felis eu sapien cursus vestibulum.

Proin eu mi. Nulla ac enim. In tempor, turpis nec euismod scelerisque, quam turpis adipiscing lorem, vitae mattis nibh ligula nec sem.

Duis aliquam convallis nunc. Proin at turpis a pede posuere nonummy. Integer non velit.

Donec diam neque, vestibulum eget, vulputate ut, ultrices vel, augue. Vestibulum ante ipsum primis in faucibus orci luctus et ultrices posuere cubilia Curae; Donec pharetra, magna vestibulum aliquet ultrices, erat tortor sollicitudin mi, sit amet lobortis sapien sapien non mi. Integer ac neque.

Duis bibendum. Morbi non quam nec dui luctus rutrum. Nulla tellus."
8789804791,2668223466,Rev,Kathrine Gange,3401 Reindahl Park,n/a,+57 (906) 810-2043,+234 (867) 698-2892,Youtags,43,"Proin eu mi. Nulla ac enim. In tempor, turpis nec euismod scelerisque, quam turpis adipiscing lorem, vitae mattis nibh ligula nec sem.

Duis aliquam convallis nunc. Proin at turpis a pede posuere nonummy. Integer non velit.

Donec diam neque, vestibulum eget, vulputate ut, ultrices vel, augue. Vestibulum ante ipsum primis in faucibus orci luctus et ultrices posuere cubilia Curae; Donec pharetra, magna vestibulum aliquet ultrices, erat tortor sollicitudin mi, sit amet lobortis sapien sapien non mi. Integer ac neque.

Duis bibendum. Morbi non quam nec dui luctus rutrum. Nulla tellus."
2432445252,4489465246,Honorable,Lorens MacGee,4723 Almo Place,Coal Mining,+62 (496) 175-6249,+216 (807) 931-5973,Skynoodle,36,"Sed sagittis. Nam congue, risus semper porta volutpat, quam pede lobortis ligula, sit amet eleifend pede libero quis orci. Nullam molestie nibh in lectus.

Pellentesque at nulla. Suspendisse potenti. Cras in purus eu magna vulputate luctus.

Cum sociis natoque penatibus et magnis dis parturient montes, nascetur ridiculus mus. Vivamus vestibulum sagittis sapien. Cum sociis natoque penatibus et magnis dis parturient montes, nascetur ridiculus mus.

Etiam vel augue. Vestibulum rutrum rutrum neque. Aenean auctor gravida sem.

Praesent id massa id nisl venenatis lacinia. Aenean sit amet justo. Morbi ut odio."
8743133401,9747547120,Mr,Peta Burfitt,52 Morrow Street,n/a,+86 (459) 322-6163,+86 (759) 622-5950,Babbleopia,56,"Proin leo odio, porttitor id, consequat in, consequat ut, nulla. Sed accumsan felis. Ut at dolor quis odio consequat varius.

Integer ac leo. Pellentesque ultrices mattis odio. Donec vitae nisi.

Nam ultrices, libero non mattis pulvinar, nulla pede ullamcorper augue, a suscipit nulla elit ac nulla. Sed vel enim sit amet nunc viverra dapibus. Nulla suscipit ligula in lacus."
8350963042,0135042828,Rev,Chester Soigne,4 Delaware Trail,Electronic Components,+420 (699) 698-0515,+380 (845) 944-8461,Flipstorm,42,"Fusce consequat. Nulla nisl. Nunc nisl.

Duis bibendum, felis sed interdum venenatis, turpis enim blandit mi, in porttitor pede justo eu massa. Donec dapibus. Duis at velit eu est congue elementum.

In hac habitasse platea dictumst. Morbi vestibulum, velit id pretium iaculis, diam erat fermentum justo, nec condimentum neque sapien placerat ante. Nulla justo.

Aliquam quis turpis eget elit sodales scelerisque. Mauris sit amet eros. Suspendisse accumsan tortor quis turpis.

Sed ante. Vivamus tortor. Duis mattis egestas metus."
4234976857,5222605582,Dr,Charles Swindle,38 Fair Oaks Park,Computer Communications Equipment,+52 (649) 284-4477,+86 (153) 757-0684,Podcat,82,"Duis consequat dui nec nisi volutpat eleifend. Donec ut dolor. Morbi vel lectus in quam fringilla rhoncus.

Mauris enim leo, rhoncus sed, vestibulum sit amet, cursus id, turpis. Integer aliquet, massa id lobortis convallis, tortor risus dapibus augue, vel accumsan tellus nisi eu orci. Mauris lacinia sapien quis libero.

Nullam sit amet turpis elementum ligula vehicula consequat. Morbi a ipsum. Integer a nibh.

In quis justo. Maecenas rhoncus aliquam lacus. Morbi quis tortor id nulla ultrices aliquet.

Maecenas leo odio, condimentum id, luctus nec, molestie sed, justo. Pellentesque viverra pede ac diam. Cras pellentesque volutpat dui."
5729640811,0117885231,Mrs,Tiphanie Hasell,026 Rusk Hill,Commercial Banks,+66 (734) 186-1222,+86 (267) 952-2600,Blogtag,14,"Morbi non lectus. Aliquam sit amet diam in magna bibendum imperdiet. Nullam orci pede, venenatis non, sodales sed, tincidunt eu, felis.

Fusce posuere felis sed lacus. Morbi sem mauris, laoreet ut, rhoncus aliquet, pulvinar sed, nisl. Nunc rhoncus dui vel sem."
5616161071,7280282040,Honorable,Rosita Dundridge,5926 5th Junction,Homebuilding,+240 (948) 174-8705,+504 (239) 795-5972,Yambee,5,"Vestibulum quam sapien, varius ut, blandit non, interdum in, ante. Vestibulum ante ipsum primis in faucibus orci luctus et ultrices posuere cubilia Curae; Duis faucibus accumsan odio. Curabitur convallis.

Duis consequat dui nec nisi volutpat eleifend. Donec ut dolor. Morbi vel lectus in quam fringilla rhoncus.

Mauris enim leo, rhoncus sed, vestibulum sit amet, cursus id, turpis. Integer aliquet, massa id lobortis convallis, tortor risus dapibus augue, vel accumsan tellus nisi eu orci. Mauris lacinia sapien quis libero.

Nullam sit amet turpis elementum ligula vehicula consequat. Morbi a ipsum. Integer a nibh."
8245383988,0529412519,Mr,Marianne Gooden,3939 Surrey Circle,Telecommunications Equipment,+886 (420) 499-3716,+54 (276) 881-0872,Thoughtblab,41,Duis consequat dui nec nisi volutpat eleifend. Donec ut dolor. Morbi vel lectus in quam fringilla rhoncus.
8601591876,3124244036,Honorable,Regine Harfoot,3 Rusk Hill,Medical Electronics,+355 (288) 634-2597,+7 (747) 722-3050,Babbleblab,65,"Suspendisse potenti. In eleifend quam a odio. In hac habitasse platea dictumst.

Maecenas ut massa quis augue luctus tincidunt. Nulla mollis molestie lorem. Quisque ut erat.

Curabitur gravida nisi at nibh. In hac habitasse platea dictumst. Aliquam augue quam, sollicitudin vitae, consectetuer eget, rutrum at, lorem.

Integer tincidunt ante vel ipsum. Praesent blandit lacinia erat. Vestibulum sed magna at nunc commodo placerat.

Praesent blandit. Nam nulla. Integer pede justo, lacinia eget, tincidunt eget, tempus vel, pede."
9460431712,4956594925,Mr,Welbie Baumford,36 Dorton Place,Television Services,+86 (313) 934-2084,+7 (359) 335-1313,Zoomzone,18,"Morbi non lectus. Aliquam sit amet diam in magna bibendum imperdiet. Nullam orci pede, venenatis non, sodales sed, tincidunt eu, felis.

Fusce posuere felis sed lacus. Morbi sem mauris, laoreet ut, rhoncus aliquet, pulvinar sed, nisl. Nunc rhoncus dui vel sem.

Sed sagittis. Nam congue, risus semper porta volutpat, quam pede lobortis ligula, sit amet eleifend pede libero quis orci. Nullam molestie nibh in lectus."
1804381713,9615832286,Honorable,Avril Picker,21 Chive Drive,Computer Software: Prepackaged Software,+353 (987) 663-3614,+263 (473) 414-0687,Fiveclub,69,"Nam ultrices, libero non mattis pulvinar, nulla pede ullamcorper augue, a suscipit nulla elit ac nulla. Sed vel enim sit amet nunc viverra dapibus. Nulla suscipit ligula in lacus.

Curabitur at ipsum ac tellus semper interdum. Mauris ullamcorper purus sit amet nulla. Quisque arcu libero, rutrum ac, lobortis vel, dapibus at, diam."
9265031433,3491137756,Honorable,Donna Hearn,369 Killdeer Alley,RETAIL: Building Materials,+230 (135) 377-9510,+63 (992) 239-5823,Browsezoom,17,"In hac habitasse platea dictumst. Morbi vestibulum, velit id pretium iaculis, diam erat fermentum justo, nec condimentum neque sapien placerat ante. Nulla justo.

Aliquam quis turpis eget elit sodales scelerisque. Mauris sit amet eros. Suspendisse accumsan tortor quis turpis.

Sed ante. Vivamus tortor. Duis mattis egestas metus."
5033676806,4959393319,Honorable,Bonita Stoker,2913 Pankratz Junction,Diversified Commercial Services,+86 (826) 589-0490,+254 (866) 199-6916,Yabox,64,"Aenean fermentum. Donec ut mauris eget massa tempor convallis. Nulla neque libero, convallis eget, eleifend luctus, ultricies eu, nibh.

Quisque id justo sit amet sapien dignissim vestibulum. Vestibulum ante ipsum primis in faucibus orci luctus et ultrices posuere cubilia Curae; Nulla dapibus dolor vel est. Donec odio justo, sollicitudin ut, suscipit a, feugiat et, eros.

Vestibulum ac est lacinia nisi venenatis tristique. Fusce congue, diam id ornare imperdiet, sapien urna pretium nisl, ut volutpat sapien arcu sed augue. Aliquam erat volutpat."
2980623067,8411195635,Honorable,Yule Milsted,4770 Forest Dale Way,Restaurants,+976 (826) 286-7742,+62 (795) 439-3096,Mybuzz,36,"Sed sagittis. Nam congue, risus semper porta volutpat, quam pede lobortis ligula, sit amet eleifend pede libero quis orci. Nullam molestie nibh in lectus.

Pellentesque at nulla. Suspendisse potenti. Cras in purus eu magna vulputate luctus.

Cum sociis natoque penatibus et magnis dis parturient montes, nascetur ridiculus mus. Vivamus vestibulum sagittis sapien. Cum sociis natoque penatibus et magnis dis parturient montes, nascetur ridiculus mus.

Etiam vel augue. Vestibulum rutrum rutrum neque. Aenean auctor gravida sem."
2068970759,9818728432,Dr,Adeline Bleby,91088 Express Circle,Clothing/Shoe/Accessory Stores,+62 (924) 280-2499,+46 (213) 892-1545,Vimbo,84,"Cum sociis natoque penatibus et magnis dis parturient montes, nascetur ridiculus mus. Vivamus vestibulum sagittis sapien. Cum sociis natoque penatibus et magnis dis parturient montes, nascetur ridiculus mus.

Etiam vel augue. Vestibulum rutrum rutrum neque. Aenean auctor gravida sem."
4841950303,7751096276,Mr,Dino Farge,41 Roxbury Lane,Real Estate Investment Trusts,+86 (177) 744-4426,+84 (864) 578-9644,Babbleopia,87,"Duis bibendum, felis sed interdum venenatis, turpis enim blandit mi, in porttitor pede justo eu massa. Donec dapibus. Duis at velit eu est congue elementum.

In hac habitasse platea dictumst. Morbi vestibulum, velit id pretium iaculis, diam erat fermentum justo, nec condimentum neque sapien placerat ante. Nulla justo.

Aliquam quis turpis eget elit sodales scelerisque. Mauris sit amet eros. Suspendisse accumsan tortor quis turpis.

Sed ante. Vivamus tortor. Duis mattis egestas metus.

Aenean fermentum. Donec ut mauris eget massa tempor convallis. Nulla neque libero, convallis eget, eleifend luctus, ultricies eu, nibh."
3878675763,6909721683,Ms,Starlin Fould,472 Lake View Alley,n/a,+86 (764) 701-8869,+7 (434) 440-0746,Devpoint,33,"Mauris enim leo, rhoncus sed, vestibulum sit amet, cursus id, turpis. Integer aliquet, massa id lobortis convallis, tortor risus dapibus augue, vel accumsan tellus nisi eu orci. Mauris lacinia sapien quis libero."
9839136070,2520556579,Ms,Chastity Agutter,73 Grim Circle,Beverages (Production/Distribution),+7 (346) 656-4334,+48 (512) 935-6720,Agimba,62,"In quis justo. Maecenas rhoncus aliquam lacus. Morbi quis tortor id nulla ultrices aliquet.

Maecenas leo odio, condimentum id, luctus nec, molestie sed, justo. Pellentesque viverra pede ac diam. Cras pellentesque volutpat dui."
9311431893,2592301453,Rev,Julienne Suggey,53211 Portage Point,Major Pharmaceuticals,+51 (496) 988-7835,+420 (617) 625-2033,Meembee,24,"Aenean fermentum. Donec ut mauris eget massa tempor convallis. Nulla neque libero, convallis eget, eleifend luctus, ultricies eu, nibh.

Quisque id justo sit amet sapien dignissim vestibulum. Vestibulum ante ipsum primis in faucibus orci luctus et ultrices posuere cubilia Curae; Nulla dapibus dolor vel est. Donec odio justo, sollicitudin ut, suscipit a, feugiat et, eros."
8977814073,0435398326,Mr,Rhiamon Baddoe,8 Bay Terrace,Savings Institutions,+66 (718) 297-0934,+242 (367) 589-4750,Vimbo,44,"Praesent blandit. Nam nulla. Integer pede justo, lacinia eget, tincidunt eget, tempus vel, pede.

Morbi porttitor lorem id ligula. Suspendisse ornare consequat lectus. In est risus, auctor sed, tristique in, tempus sit amet, sem.

Fusce consequat. Nulla nisl. Nunc nisl."
6115427428,0205897797,Rev,Matthus Doorly,82 Susan Center,Industrial Machinery/Components,+86 (853) 405-8060,+33 (207) 145-5297,Quimba,61,"Aenean lectus. Pellentesque eget nunc. Donec quis orci eget orci vehicula condimentum.

Curabitur in libero ut massa volutpat convallis. Morbi odio odio, elementum eu, interdum eu, tincidunt in, leo. Maecenas pulvinar lobortis est.

Phasellus sit amet erat. Nulla tempus. Vivamus in felis eu sapien cursus vestibulum.

Proin eu mi. Nulla ac enim. In tempor, turpis nec euismod scelerisque, quam turpis adipiscing lorem, vitae mattis nibh ligula nec sem."
5625632227,3940815284,Ms,Sherwynd Roycroft,6294 Dennis Street,Industrial Machinery/Components,+86 (846) 230-0908,+374 (233) 248-6953,Kwinu,9,"Pellentesque at nulla. Suspendisse potenti. Cras in purus eu magna vulputate luctus.

Cum sociis natoque penatibus et magnis dis parturient montes, nascetur ridiculus mus. Vivamus vestibulum sagittis sapien. Cum sociis natoque penatibus et magnis dis parturient montes, nascetur ridiculus mus."
2832729541,0294584676,Mr,Glyn Walewicz,783 Bobwhite Crossing,Major Pharmaceuticals,+595 (705) 245-5972,+55 (472) 938-2015,Mycat,11,"Maecenas ut massa quis augue luctus tincidunt. Nulla mollis molestie lorem. Quisque ut erat.

Curabitur gravida nisi at nibh. In hac habitasse platea dictumst. Aliquam augue quam, sollicitudin vitae, consectetuer eget, rutrum at, lorem.

Integer tincidunt ante vel ipsum. Praesent blandit lacinia erat. Vestibulum sed magna at nunc commodo placerat.

Praesent blandit. Nam nulla. Integer pede justo, lacinia eget, tincidunt eget, tempus vel, pede."
9733667021,2211515959,Mrs,Pegeen Collen,76218 Miller Place,Business Services,+86 (737) 757-0127,+692 (810) 256-5457,Feedspan,25,"In hac habitasse platea dictumst. Morbi vestibulum, velit id pretium iaculis, diam erat fermentum justo, nec condimentum neque sapien placerat ante. Nulla justo.

Aliquam quis turpis eget elit sodales scelerisque. Mauris sit amet eros. Suspendisse accumsan tortor quis turpis.

Sed ante. Vivamus tortor. Duis mattis egestas metus.

Aenean fermentum. Donec ut mauris eget massa tempor convallis. Nulla neque libero, convallis eget, eleifend luctus, ultricies eu, nibh."
1856993833,3189045607,Honorable,Correna Besson,593 Division Parkway,Major Chemicals,+45 (811) 801-2885,+33 (153) 415-0498,Thoughtbeat,13,"Vestibulum ac est lacinia nisi venenatis tristique. Fusce congue, diam id ornare imperdiet, sapien urna pretium nisl, ut volutpat sapien arcu sed augue. Aliquam erat volutpat.

In congue. Etiam justo. Etiam pretium iaculis justo.

In hac habitasse platea dictumst. Etiam faucibus cursus urna. Ut tellus.

Nulla ut erat id mauris vulputate elementum. Nullam varius. Nulla facilisi.

Cras non velit nec nisi vulputate nonummy. Maecenas tincidunt lacus at velit. Vivamus vel nulla eget eros elementum pellentesque."
1046842978,4028290848,Rev,Modesta Poate,20419 Truax Avenue,n/a,+81 (815) 928-6582,+81 (273) 481-3866,Meevee,76,"Suspendisse potenti. In eleifend quam a odio. In hac habitasse platea dictumst.

Maecenas ut massa quis augue luctus tincidunt. Nulla mollis molestie lorem. Quisque ut erat."
4973828890,2994324318,Rev,Tarrance Grieve,39987 Continental Plaza,Major Banks,+86 (165) 590-1628,+86 (555) 362-9657,Wikivu,21,"Aenean lectus. Pellentesque eget nunc. Donec quis orci eget orci vehicula condimentum.

Curabitur in libero ut massa volutpat convallis. Morbi odio odio, elementum eu, interdum eu, tincidunt in, leo. Maecenas pulvinar lobortis est.

Phasellus sit amet erat. Nulla tempus. Vivamus in felis eu sapien cursus vestibulum."
6759291557,2831084342,Ms,Anatola Ayce,42 Golf View Drive,Business Services,+57 (567) 228-1465,+1 (314) 566-3138,Vimbo,2,"Aenean lectus. Pellentesque eget nunc. Donec quis orci eget orci vehicula condimentum.

Curabitur in libero ut massa volutpat convallis. Morbi odio odio, elementum eu, interdum eu, tincidunt in, leo. Maecenas pulvinar lobortis est."
7459827118,5499328900,Mrs,Erin Laxson,929 Blaine Place,Business Services,+62 (417) 913-7945,+7 (102) 414-7366,Oodoo,25,"Curabitur in libero ut massa volutpat convallis. Morbi odio odio, elementum eu, interdum eu, tincidunt in, leo. Maecenas pulvinar lobortis est."
4675014690,7579530775,Rev,Drud Trobey,0643 Hoepker Plaza,EDP Services,+7 (276) 272-7673,+86 (751) 654-4748,Devify,42,"Praesent id massa id nisl venenatis lacinia. Aenean sit amet justo. Morbi ut odio.

Cras mi pede, malesuada in, imperdiet et, commodo vulputate, justo. In blandit ultrices enim. Lorem ipsum dolor sit amet, consectetuer adipiscing elit.

Proin interdum mauris non ligula pellentesque ultrices. Phasellus id sapien in sapien iaculis congue. Vivamus metus arcu, adipiscing molestie, hendrerit at, vulputate vitae, nisl."
5340429032,6991588326,Ms,Arleta Cromwell,77293 Grim Park,Oil Refining/Marketing,+86 (518) 983-2053,+380 (428) 989-1965,Eabox,19,"Duis bibendum, felis sed interdum venenatis, turpis enim blandit mi, in porttitor pede justo eu massa. Donec dapibus. Duis at velit eu est congue elementum.

In hac habitasse platea dictumst. Morbi vestibulum, velit id pretium iaculis, diam erat fermentum justo, nec condimentum neque sapien placerat ante. Nulla justo.

Aliquam quis turpis eget elit sodales scelerisque. Mauris sit amet eros. Suspendisse accumsan tortor quis turpis.

Sed ante. Vivamus tortor. Duis mattis egestas metus."
6239349380,3562369980,Honorable,Gonzales Simonini,4 Dexter Way,Newspapers/Magazines,+55 (470) 409-6161,+86 (125) 435-3338,Flashdog,13,"Vestibulum ac est lacinia nisi venenatis tristique. Fusce congue, diam id ornare imperdiet, sapien urna pretium nisl, ut volutpat sapien arcu sed augue. Aliquam erat volutpat.

In congue. Etiam justo. Etiam pretium iaculis justo.

In hac habitasse platea dictumst. Etiam faucibus cursus urna. Ut tellus."
2841698440,3393666754,Mrs,Aksel Noel,49 Londonderry Lane,Major Pharmaceuticals,+81 (623) 892-1851,+355 (913) 161-6805,Thoughtbeat,79,"Nullam sit amet turpis elementum ligula vehicula consequat. Morbi a ipsum. Integer a nibh.

In quis justo. Maecenas rhoncus aliquam lacus. Morbi quis tortor id nulla ultrices aliquet.

Maecenas leo odio, condimentum id, luctus nec, molestie sed, justo. Pellentesque viverra pede ac diam. Cras pellentesque volutpat dui."
2063107297,7813300424,Dr,Gerty Olexa,062 Trailsway Street,Telecommunications Equipment,+48 (901) 468-5281,+86 (360) 553-1711,Feedmix,53,"Vestibulum quam sapien, varius ut, blandit non, interdum in, ante. Vestibulum ante ipsum primis in faucibus orci luctus et ultrices posuere cubilia Curae; Duis faucibus accumsan odio. Curabitur convallis.

Duis consequat dui nec nisi volutpat eleifend. Donec ut dolor. Morbi vel lectus in quam fringilla rhoncus."
5850271724,5918451528,Honorable,Nellie Heakey,193 Katie Center,n/a,+675 (737) 121-4627,+46 (369) 119-4380,Dynabox,7,"Vestibulum quam sapien, varius ut, blandit non, interdum in, ante. Vestibulum ante ipsum primis in faucibus orci luctus et ultrices posuere cubilia Curae; Duis faucibus accumsan odio. Curabitur convallis.

Duis consequat dui nec nisi volutpat eleifend. Donec ut dolor. Morbi vel lectus in quam fringilla rhoncus.

Mauris enim leo, rhoncus sed, vestibulum sit amet, cursus id, turpis. Integer aliquet, massa id lobortis convallis, tortor risus dapibus augue, vel accumsan tellus nisi eu orci. Mauris lacinia sapien quis libero.

Nullam sit amet turpis elementum ligula vehicula consequat. Morbi a ipsum. Integer a nibh."
1541996798,9237259360,Mrs,Auguste Bawdon,5 Kensington Alley,Savings Institutions,+51 (712) 730-6050,+355 (894) 507-3907,Jabbercube,23,"Maecenas tristique, est et tempus semper, est quam pharetra magna, ac consequat metus sapien ut nunc. Vestibulum ante ipsum primis in faucibus orci luctus et ultrices posuere cubilia Curae; Mauris viverra diam vitae quam. Suspendisse potenti.

Nullam porttitor lacus at turpis. Donec posuere metus vitae ipsum. Aliquam non mauris.

Morbi non lectus. Aliquam sit amet diam in magna bibendum imperdiet. Nullam orci pede, venenatis non, sodales sed, tincidunt eu, felis.

Fusce posuere felis sed lacus. Morbi sem mauris, laoreet ut, rhoncus aliquet, pulvinar sed, nisl. Nunc rhoncus dui vel sem."
6297027110,1273487656,Honorable,Lara Winterborne,236 Esch Hill,Biotechnology: Biological Products (No Diagnostic Substances),+46 (218) 243-8973,+57 (535) 983-8175,Edgepulse,64,"In congue. Etiam justo. Etiam pretium iaculis justo.

In hac habitasse platea dictumst. Etiam faucibus cursus urna. Ut tellus.

Nulla ut erat id mauris vulputate elementum. Nullam varius. Nulla facilisi.

Cras non velit nec nisi vulputate nonummy. Maecenas tincidunt lacus at velit. Vivamus vel nulla eget eros elementum pellentesque.

Quisque porta volutpat erat. Quisque erat eros, viverra eget, congue eget, semper rutrum, nulla. Nunc purus."
1984543229,0810256975,Rev,Daron Janew,2 Clove Crossing,Precious Metals,+263 (839) 379-0564,+856 (693) 894-5379,Meeveo,53,Duis aliquam convallis nunc. Proin at turpis a pede posuere nonummy. Integer non velit.
7750386580,4613716918,Mr,Christopher McWhorter,58 Northwestern Crossing,Major Banks,+381 (437) 629-5825,+970 (188) 540-5297,Dynabox,4,"Praesent blandit. Nam nulla. Integer pede justo, lacinia eget, tincidunt eget, tempus vel, pede.

Morbi porttitor lorem id ligula. Suspendisse ornare consequat lectus. In est risus, auctor sed, tristique in, tempus sit amet, sem.

Fusce consequat. Nulla nisl. Nunc nisl.

Duis bibendum, felis sed interdum venenatis, turpis enim blandit mi, in porttitor pede justo eu massa. Donec dapibus. Duis at velit eu est congue elementum.

In hac habitasse platea dictumst. Morbi vestibulum, velit id pretium iaculis, diam erat fermentum justo, nec condimentum neque sapien placerat ante. Nulla justo."
5456585642,5807527143,Ms,Marcella Lapthorn,554 Rigney Junction,Major Banks,+51 (308) 311-4075,+380 (865) 110-0270,Kare,89,"Maecenas leo odio, condimentum id, luctus nec, molestie sed, justo. Pellentesque viverra pede ac diam. Cras pellentesque volutpat dui.

Maecenas tristique, est et tempus semper, est quam pharetra magna, ac consequat metus sapien ut nunc. Vestibulum ante ipsum primis in faucibus orci luctus et ultrices posuere cubilia Curae; Mauris viverra diam vitae quam. Suspendisse potenti.

Nullam porttitor lacus at turpis. Donec posuere metus vitae ipsum. Aliquam non mauris.

Morbi non lectus. Aliquam sit amet diam in magna bibendum imperdiet. Nullam orci pede, venenatis non, sodales sed, tincidunt eu, felis.

Fusce posuere felis sed lacus. Morbi sem mauris, laoreet ut, rhoncus aliquet, pulvinar sed, nisl. Nunc rhoncus dui vel sem."
0820906638,4363212918,Honorable,Berk Bernini,7 Nancy Alley,n/a,+63 (203) 664-5966,+62 (260) 440-0880,Thoughtmix,55,"Nulla ut erat id mauris vulputate elementum. Nullam varius. Nulla facilisi.

Cras non velit nec nisi vulputate nonummy. Maecenas tincidunt lacus at velit. Vivamus vel nulla eget eros elementum pellentesque.

Quisque porta volutpat erat. Quisque erat eros, viverra eget, congue eget, semper rutrum, nulla. Nunc purus."
7144081314,5661422946,Dr,Dick Pengelly,583 Dahle Circle,Major Chemicals,+63 (822) 369-0187,+7 (245) 427-8617,Omba,57,"Maecenas leo odio, condimentum id, luctus nec, molestie sed, justo. Pellentesque viverra pede ac diam. Cras pellentesque volutpat dui.

Maecenas tristique, est et tempus semper, est quam pharetra magna, ac consequat metus sapien ut nunc. Vestibulum ante ipsum primis in faucibus orci luctus et ultrices posuere cubilia Curae; Mauris viverra diam vitae quam. Suspendisse potenti.

Nullam porttitor lacus at turpis. Donec posuere metus vitae ipsum. Aliquam non mauris."
7131907812,2566220484,Ms,Ransell Ketteridge,6268 Lake View Crossing,Precious Metals,+55 (383) 794-8734,+7 (827) 535-1614,Buzzster,49,"In hac habitasse platea dictumst. Morbi vestibulum, velit id pretium iaculis, diam erat fermentum justo, nec condimentum neque sapien placerat ante. Nulla justo.

Aliquam quis turpis eget elit sodales scelerisque. Mauris sit amet eros. Suspendisse accumsan tortor quis turpis.

Sed ante. Vivamus tortor. Duis mattis egestas metus."
7260111453,4593283469,Dr,Bartholomeo Le Barr,704 Miller Street,Major Pharmaceuticals,+62 (644) 346-7146,+86 (280) 678-5371,Brightdog,56,"Cras non velit nec nisi vulputate nonummy. Maecenas tincidunt lacus at velit. Vivamus vel nulla eget eros elementum pellentesque.

Quisque porta volutpat erat. Quisque erat eros, viverra eget, congue eget, semper rutrum, nulla. Nunc purus.

Phasellus in felis. Donec semper sapien a libero. Nam dui.

Proin leo odio, porttitor id, consequat in, consequat ut, nulla. Sed accumsan felis. Ut at dolor quis odio consequat varius."
6757843331,8294573930,Honorable,Stillmann de Voiels,695 Loomis Hill,Trucking Freight/Courier Services,+86 (242) 131-8312,+255 (847) 699-6430,Skalith,16,"In sagittis dui vel nisl. Duis ac nibh. Fusce lacus purus, aliquet at, feugiat non, pretium quis, lectus.

Suspendisse potenti. In eleifend quam a odio. In hac habitasse platea dictumst."
2877631583,8221336742,Mrs,Clerc Chantrell,97505 Golf Course Trail,Coal Mining,+57 (155) 734-1727,+93 (469) 567-5376,Demivee,11,"Nulla ut erat id mauris vulputate elementum. Nullam varius. Nulla facilisi.

Cras non velit nec nisi vulputate nonummy. Maecenas tincidunt lacus at velit. Vivamus vel nulla eget eros elementum pellentesque."
1296892301,1801351562,Rev,Myriam Medcalf,7345 Transport Hill,n/a,+63 (961) 331-6501,+48 (187) 582-1857,Wordify,47,"Proin eu mi. Nulla ac enim. In tempor, turpis nec euismod scelerisque, quam turpis adipiscing lorem, vitae mattis nibh ligula nec sem.

Duis aliquam convallis nunc. Proin at turpis a pede posuere nonummy. Integer non velit.

Donec diam neque, vestibulum eget, vulputate ut, ultrices vel, augue. Vestibulum ante ipsum primis in faucibus orci luctus et ultrices posuere cubilia Curae; Donec pharetra, magna vestibulum aliquet ultrices, erat tortor sollicitudin mi, sit amet lobortis sapien sapien non mi. Integer ac neque.

Duis bibendum. Morbi non quam nec dui luctus rutrum. Nulla tellus.

In sagittis dui vel nisl. Duis ac nibh. Fusce lacus purus, aliquet at, feugiat non, pretium quis, lectus."
8611765664,9937035708,Rev,Guillaume Balma,43194 Westend Plaza,Restaurants,+63 (406) 661-7039,+233 (189) 230-0728,Yombu,21,"Integer tincidunt ante vel ipsum. Praesent blandit lacinia erat. Vestibulum sed magna at nunc commodo placerat.

Praesent blandit. Nam nulla. Integer pede justo, lacinia eget, tincidunt eget, tempus vel, pede.

Morbi porttitor lorem id ligula. Suspendisse ornare consequat lectus. In est risus, auctor sed, tristique in, tempus sit amet, sem.

Fusce consequat. Nulla nisl. Nunc nisl.

Duis bibendum, felis sed interdum venenatis, turpis enim blandit mi, in porttitor pede justo eu massa. Donec dapibus. Duis at velit eu est congue elementum."
7984438315,0331408376,Mr,Tabina Denecamp,7 Monterey Road,Engineering & Construction,+33 (404) 915-4604,+63 (182) 589-5976,Twitterworks,41,"Cras non velit nec nisi vulputate nonummy. Maecenas tincidunt lacus at velit. Vivamus vel nulla eget eros elementum pellentesque.

Quisque porta volutpat erat. Quisque erat eros, viverra eget, congue eget, semper rutrum, nulla. Nunc purus.

Phasellus in felis. Donec semper sapien a libero. Nam dui.

Proin leo odio, porttitor id, consequat in, consequat ut, nulla. Sed accumsan felis. Ut at dolor quis odio consequat varius."
1885918755,7645421681,Dr,Gabey Gronw,9403 Pierstorff Center,Investment Bankers/Brokers/Service,+33 (437) 774-0060,+63 (438) 305-6461,Gigaclub,59,Maecenas ut massa quis augue luctus tincidunt. Nulla mollis molestie lorem. Quisque ut erat.
0007355165,9793428120,Dr,Gerri Buy,597 Pleasure Park,Oil & Gas Production,+86 (615) 313-7265,+374 (498) 145-5590,Fivechat,88,Suspendisse potenti. In eleifend quam a odio. In hac habitasse platea dictumst.
1983851493,3311314352,Mrs,Kippie Shipsey,9305 Norway Maple Terrace,Major Pharmaceuticals,+30 (789) 197-9560,+86 (167) 454-2502,Meedoo,53,"Fusce consequat. Nulla nisl. Nunc nisl.

Duis bibendum, felis sed interdum venenatis, turpis enim blandit mi, in porttitor pede justo eu massa. Donec dapibus. Duis at velit eu est congue elementum.

In hac habitasse platea dictumst. Morbi vestibulum, velit id pretium iaculis, diam erat fermentum justo, nec condimentum neque sapien placerat ante. Nulla justo."
3800052946,6141678424,Rev,Dallas Asquith,853 Dapin Lane,Major Pharmaceuticals,+62 (931) 604-6206,+224 (127) 622-4666,Trupe,35,"Proin eu mi. Nulla ac enim. In tempor, turpis nec euismod scelerisque, quam turpis adipiscing lorem, vitae mattis nibh ligula nec sem.

Duis aliquam convallis nunc. Proin at turpis a pede posuere nonummy. Integer non velit.

Donec diam neque, vestibulum eget, vulputate ut, ultrices vel, augue. Vestibulum ante ipsum primis in faucibus orci luctus et ultrices posuere cubilia Curae; Donec pharetra, magna vestibulum aliquet ultrices, erat tortor sollicitudin mi, sit amet lobortis sapien sapien non mi. Integer ac neque.

Duis bibendum. Morbi non quam nec dui luctus rutrum. Nulla tellus.

In sagittis dui vel nisl. Duis ac nibh. Fusce lacus purus, aliquet at, feugiat non, pretium quis, lectus."
7333067009,0459489127,Mrs,Gabriele Ribbon,4765 Ramsey Road,Electric Utilities: Central,+46 (503) 422-2132,+55 (485) 620-7312,Jetwire,62,"Suspendisse potenti. In eleifend quam a odio. In hac habitasse platea dictumst.

Maecenas ut massa quis augue luctus tincidunt. Nulla mollis molestie lorem. Quisque ut erat.

Curabitur gravida nisi at nibh. In hac habitasse platea dictumst. Aliquam augue quam, sollicitudin vitae, consectetuer eget, rutrum at, lorem."
1261998014,5221373556,Ms,Gerard Tithacott,26477 Union Hill,n/a,+86 (879) 202-2837,+234 (482) 227-3582,Aimbu,38,"Praesent id massa id nisl venenatis lacinia. Aenean sit amet justo. Morbi ut odio.

Cras mi pede, malesuada in, imperdiet et, commodo vulputate, justo. In blandit ultrices enim. Lorem ipsum dolor sit amet, consectetuer adipiscing elit.

Proin interdum mauris non ligula pellentesque ultrices. Phasellus id sapien in sapien iaculis congue. Vivamus metus arcu, adipiscing molestie, hendrerit at, vulputate vitae, nisl.

Aenean lectus. Pellentesque eget nunc. Donec quis orci eget orci vehicula condimentum."
2948027217,7539776684,Honorable,Huberto Arkwright,8138 Cody Drive,Major Pharmaceuticals,+994 (786) 704-8867,+86 (676) 488-8756,Bluejam,3,"Lorem ipsum dolor sit amet, consectetuer adipiscing elit. Proin risus. Praesent lectus."
0148753744,9794150150,Mrs,Ingar Cheltnam,8572 Dayton Center,Auto Manufacturing,+86 (608) 140-7402,+1 (408) 544-5163,Divanoodle,59,"Vestibulum ac est lacinia nisi venenatis tristique. Fusce congue, diam id ornare imperdiet, sapien urna pretium nisl, ut volutpat sapien arcu sed augue. Aliquam erat volutpat.

In congue. Etiam justo. Etiam pretium iaculis justo.

In hac habitasse platea dictumst. Etiam faucibus cursus urna. Ut tellus.

Nulla ut erat id mauris vulputate elementum. Nullam varius. Nulla facilisi.

Cras non velit nec nisi vulputate nonummy. Maecenas tincidunt lacus at velit. Vivamus vel nulla eget eros elementum pellentesque."
1860269087,9076238006,Dr,Karissa Clemes,7 Merry Street,Computer Software: Prepackaged Software,+33 (739) 475-9063,+852 (667) 997-2027,Jamia,51,"Proin eu mi. Nulla ac enim. In tempor, turpis nec euismod scelerisque, quam turpis adipiscing lorem, vitae mattis nibh ligula nec sem.

Duis aliquam convallis nunc. Proin at turpis a pede posuere nonummy. Integer non velit.

Donec diam neque, vestibulum eget, vulputate ut, ultrices vel, augue. Vestibulum ante ipsum primis in faucibus orci luctus et ultrices posuere cubilia Curae; Donec pharetra, magna vestibulum aliquet ultrices, erat tortor sollicitudin mi, sit amet lobortis sapien sapien non mi. Integer ac neque.

Duis bibendum. Morbi non quam nec dui luctus rutrum. Nulla tellus."
8449698219,7692644594,Mrs,Dickie Neild,18 Erie Avenue,Natural Gas Distribution,+267 (499) 813-4355,+976 (929) 958-1380,Mycat,45,"Praesent id massa id nisl venenatis lacinia. Aenean sit amet justo. Morbi ut odio.

Cras mi pede, malesuada in, imperdiet et, commodo vulputate, justo. In blandit ultrices enim. Lorem ipsum dolor sit amet, consectetuer adipiscing elit."
1428343040,4986474391,Ms,Anderson Bundey,1 Grayhawk Trail,Medical Specialities,+86 (676) 725-0723,+86 (907) 884-9911,Blognation,91,"Sed sagittis. Nam congue, risus semper porta volutpat, quam pede lobortis ligula, sit amet eleifend pede libero quis orci. Nullam molestie nibh in lectus.

Pellentesque at nulla. Suspendisse potenti. Cras in purus eu magna vulputate luctus."
1741023041,2695281234,Mrs,Lu Swindon,6 Banding Road,n/a,+30 (350) 603-9894,+420 (902) 986-3828,Jaxbean,66,"In sagittis dui vel nisl. Duis ac nibh. Fusce lacus purus, aliquet at, feugiat non, pretium quis, lectus."
8341720523,1648181511,Mrs,Melony Ledingham,5227 Shasta Parkway,Business Services,+1 (785) 728-9433,+30 (427) 372-6840,Bluejam,64,"Cras non velit nec nisi vulputate nonummy. Maecenas tincidunt lacus at velit. Vivamus vel nulla eget eros elementum pellentesque.

Quisque porta volutpat erat. Quisque erat eros, viverra eget, congue eget, semper rutrum, nulla. Nunc purus.

Phasellus in felis. Donec semper sapien a libero. Nam dui.

Proin leo odio, porttitor id, consequat in, consequat ut, nulla. Sed accumsan felis. Ut at dolor quis odio consequat varius.

Integer ac leo. Pellentesque ultrices mattis odio. Donec vitae nisi."
7075370340,5842450305,Ms,Lloyd Meadway,4 Roth Court,Telecommunications Equipment,+63 (536) 716-5107,+7 (633) 176-8576,Fatz,90,"Vestibulum ac est lacinia nisi venenatis tristique. Fusce congue, diam id ornare imperdiet, sapien urna pretium nisl, ut volutpat sapien arcu sed augue. Aliquam erat volutpat."
0291555292,2008385272,Ms,Suzie Dimmick,0 Luster Street,Investment Managers,+965 (726) 657-6495,+55 (345) 230-5275,Photospace,14,Sed ante. Vivamus tortor. Duis mattis egestas metus.
6034853575,5415908625,Honorable,Sharline Millis,7 Warner Terrace,Oil/Gas Transmission,+351 (649) 285-8965,+7 (997) 862-4960,Twinte,68,"Duis bibendum, felis sed interdum venenatis, turpis enim blandit mi, in porttitor pede justo eu massa. Donec dapibus. Duis at velit eu est congue elementum.

In hac habitasse platea dictumst. Morbi vestibulum, velit id pretium iaculis, diam erat fermentum justo, nec condimentum neque sapien placerat ante. Nulla justo.

Aliquam quis turpis eget elit sodales scelerisque. Mauris sit amet eros. Suspendisse accumsan tortor quis turpis."
3970847001,0058182292,Mrs,Marti Tomaschke,5579 Arizona Court,Commercial Banks,+86 (458) 699-9742,+598 (184) 420-2683,Mynte,19,"Proin eu mi. Nulla ac enim. In tempor, turpis nec euismod scelerisque, quam turpis adipiscing lorem, vitae mattis nibh ligula nec sem.

Duis aliquam convallis nunc. Proin at turpis a pede posuere nonummy. Integer non velit."
7990811421,3762527210,Dr,Pall Shemmin,5 Service Pass,n/a,+48 (666) 597-0219,+33 (887) 148-4122,Skyvu,15,"Pellentesque at nulla. Suspendisse potenti. Cras in purus eu magna vulputate luctus.

Cum sociis natoque penatibus et magnis dis parturient montes, nascetur ridiculus mus. Vivamus vestibulum sagittis sapien. Cum sociis natoque penatibus et magnis dis parturient montes, nascetur ridiculus mus."
7224386596,9767633502,Rev,Noe McKendo,49465 Bellgrove Parkway,Medical/Dental Instruments,+7 (454) 655-5885,+1 (695) 866-8658,Fiveclub,46,"Fusce posuere felis sed lacus. Morbi sem mauris, laoreet ut, rhoncus aliquet, pulvinar sed, nisl. Nunc rhoncus dui vel sem.

Sed sagittis. Nam congue, risus semper porta volutpat, quam pede lobortis ligula, sit amet eleifend pede libero quis orci. Nullam molestie nibh in lectus."
6572890732,7298631799,Mr,Kimmie Di Boldi,2647 Thierer Court,n/a,+351 (430) 134-7151,+48 (285) 915-2634,Quinu,27,"Cras non velit nec nisi vulputate nonummy. Maecenas tincidunt lacus at velit. Vivamus vel nulla eget eros elementum pellentesque.

Quisque porta volutpat erat. Quisque erat eros, viverra eget, congue eget, semper rutrum, nulla. Nunc purus.

Phasellus in felis. Donec semper sapien a libero. Nam dui.

Proin leo odio, porttitor id, consequat in, consequat ut, nulla. Sed accumsan felis. Ut at dolor quis odio consequat varius.

Integer ac leo. Pellentesque ultrices mattis odio. Donec vitae nisi."
2663860247,9348186906,Honorable,Garth Bengoechea,5 Stoughton Parkway,n/a,+86 (599) 809-4215,+1 (363) 245-6572,Edgeify,80,"Duis bibendum. Morbi non quam nec dui luctus rutrum. Nulla tellus.

In sagittis dui vel nisl. Duis ac nibh. Fusce lacus purus, aliquet at, feugiat non, pretium quis, lectus.

Suspendisse potenti. In eleifend quam a odio. In hac habitasse platea dictumst."
5066678867,0752579673,Rev,Lambert Lewins,004 Sunbrook Crossing,Other Consumer Services,+33 (394) 306-7383,+66 (214) 307-4962,Digitube,11,"Duis consequat dui nec nisi volutpat eleifend. Donec ut dolor. Morbi vel lectus in quam fringilla rhoncus.

Mauris enim leo, rhoncus sed, vestibulum sit amet, cursus id, turpis. Integer aliquet, massa id lobortis convallis, tortor risus dapibus augue, vel accumsan tellus nisi eu orci. Mauris lacinia sapien quis libero.

Nullam sit amet turpis elementum ligula vehicula consequat. Morbi a ipsum. Integer a nibh.

In quis justo. Maecenas rhoncus aliquam lacus. Morbi quis tortor id nulla ultrices aliquet."
8070776366,0354062247,Mr,Matilde Birks,757 Garrison Lane,n/a,+976 (420) 913-0893,+234 (486) 117-6093,Innotype,9,"Nullam porttitor lacus at turpis. Donec posuere metus vitae ipsum. Aliquam non mauris.

Morbi non lectus. Aliquam sit amet diam in magna bibendum imperdiet. Nullam orci pede, venenatis non, sodales sed, tincidunt eu, felis."
0779333187,1443815381,Mrs,Ossie Poskitt,301 Katie Crossing,Major Pharmaceuticals,+356 (238) 330-1044,+62 (313) 230-6331,Kanoodle,74,"Cras mi pede, malesuada in, imperdiet et, commodo vulputate, justo. In blandit ultrices enim. Lorem ipsum dolor sit amet, consectetuer adipiscing elit."
3852059984,8359815313,Mrs,Nahum Leipelt,4852 Thierer Terrace,Electric Utilities: Central,+351 (391) 577-5723,+233 (810) 631-5363,Miboo,85,"In congue. Etiam justo. Etiam pretium iaculis justo.

In hac habitasse platea dictumst. Etiam faucibus cursus urna. Ut tellus."
8338460257,8042161549,Dr,Rowe Hall-Gough,9 Park Meadow Plaza,Property-Casualty Insurers,+54 (111) 856-5966,+86 (394) 328-1645,Kazu,25,"Pellentesque at nulla. Suspendisse potenti. Cras in purus eu magna vulputate luctus.

Cum sociis natoque penatibus et magnis dis parturient montes, nascetur ridiculus mus. Vivamus vestibulum sagittis sapien. Cum sociis natoque penatibus et magnis dis parturient montes, nascetur ridiculus mus.

Etiam vel augue. Vestibulum rutrum rutrum neque. Aenean auctor gravida sem."
5249175821,4125851484,Ms,Eben Blazey,10 Lillian Circle,Life Insurance,+62 (285) 568-8655,+41 (492) 134-7195,Einti,85,"Aenean lectus. Pellentesque eget nunc. Donec quis orci eget orci vehicula condimentum.

Curabitur in libero ut massa volutpat convallis. Morbi odio odio, elementum eu, interdum eu, tincidunt in, leo. Maecenas pulvinar lobortis est.

Phasellus sit amet erat. Nulla tempus. Vivamus in felis eu sapien cursus vestibulum.

Proin eu mi. Nulla ac enim. In tempor, turpis nec euismod scelerisque, quam turpis adipiscing lorem, vitae mattis nibh ligula nec sem.

Duis aliquam convallis nunc. Proin at turpis a pede posuere nonummy. Integer non velit."
8082041714,7235068434,Mrs,Cleve Harmson,71114 Lerdahl Place,Semiconductors,+86 (397) 458-6900,+86 (797) 976-1231,Meemm,100,"Etiam vel augue. Vestibulum rutrum rutrum neque. Aenean auctor gravida sem.

Praesent id massa id nisl venenatis lacinia. Aenean sit amet justo. Morbi ut odio.

Cras mi pede, malesuada in, imperdiet et, commodo vulputate, justo. In blandit ultrices enim. Lorem ipsum dolor sit amet, consectetuer adipiscing elit."
4394830893,1445218453,Mr,Patrizio Mariner,64863 Eastlawn Junction,n/a,+62 (648) 144-6166,+960 (831) 134-3898,Youspan,94,"In congue. Etiam justo. Etiam pretium iaculis justo.

In hac habitasse platea dictumst. Etiam faucibus cursus urna. Ut tellus."
4637685850,6022792207,Dr,Vikky Collister,3920 Montana Road,Telecommunications Equipment,+81 (527) 882-5232,+46 (679) 200-5970,Tagcat,35,"Sed ante. Vivamus tortor. Duis mattis egestas metus.

Aenean fermentum. Donec ut mauris eget massa tempor convallis. Nulla neque libero, convallis eget, eleifend luctus, ultricies eu, nibh.

Quisque id justo sit amet sapien dignissim vestibulum. Vestibulum ante ipsum primis in faucibus orci luctus et ultrices posuere cubilia Curae; Nulla dapibus dolor vel est. Donec odio justo, sollicitudin ut, suscipit a, feugiat et, eros.

Vestibulum ac est lacinia nisi venenatis tristique. Fusce congue, diam id ornare imperdiet, sapien urna pretium nisl, ut volutpat sapien arcu sed augue. Aliquam erat volutpat.

In congue. Etiam justo. Etiam pretium iaculis justo."
6430734196,3936392323,Dr,Emilee Olkowicz,6 Pierstorff Junction,Major Pharmaceuticals,+420 (437) 789-7760,+86 (502) 884-4692,Riffpath,83,"Cras non velit nec nisi vulputate nonummy. Maecenas tincidunt lacus at velit. Vivamus vel nulla eget eros elementum pellentesque.

Quisque porta volutpat erat. Quisque erat eros, viverra eget, congue eget, semper rutrum, nulla. Nunc purus."
3584752663,8633580462,Rev,West Fitzpatrick,22224 Schlimgen Point,n/a,+31 (694) 525-0432,+380 (289) 111-9293,Yamia,21,"Duis bibendum. Morbi non quam nec dui luctus rutrum. Nulla tellus.

In sagittis dui vel nisl. Duis ac nibh. Fusce lacus purus, aliquet at, feugiat non, pretium quis, lectus."
5622977533,9633968585,Honorable,Mabel Pottell,79379 Cordelia Circle,Major Banks,+60 (253) 275-2579,+86 (421) 306-0001,Devcast,48,"In quis justo. Maecenas rhoncus aliquam lacus. Morbi quis tortor id nulla ultrices aliquet.

Maecenas leo odio, condimentum id, luctus nec, molestie sed, justo. Pellentesque viverra pede ac diam. Cras pellentesque volutpat dui.

Maecenas tristique, est et tempus semper, est quam pharetra magna, ac consequat metus sapien ut nunc. Vestibulum ante ipsum primis in faucibus orci luctus et ultrices posuere cubilia Curae; Mauris viverra diam vitae quam. Suspendisse potenti.

Nullam porttitor lacus at turpis. Donec posuere metus vitae ipsum. Aliquam non mauris.

Morbi non lectus. Aliquam sit amet diam in magna bibendum imperdiet. Nullam orci pede, venenatis non, sodales sed, tincidunt eu, felis."
7234112626,6508035991,Dr,Pattie Francombe,4257 Drewry Junction,Containers/Packaging,+234 (746) 278-4096,+420 (332) 138-6110,Dabjam,97,"Curabitur gravida nisi at nibh. In hac habitasse platea dictumst. Aliquam augue quam, sollicitudin vitae, consectetuer eget, rutrum at, lorem.

Integer tincidunt ante vel ipsum. Praesent blandit lacinia erat. Vestibulum sed magna at nunc commodo placerat."
0933692323,3741490229,Dr,Luce Heggman,74 Prairieview Trail,Hotels/Resorts,+98 (989) 857-7601,+62 (749) 881-9952,Lajo,76,"Quisque porta volutpat erat. Quisque erat eros, viverra eget, congue eget, semper rutrum, nulla. Nunc purus.

Phasellus in felis. Donec semper sapien a libero. Nam dui.

Proin leo odio, porttitor id, consequat in, consequat ut, nulla. Sed accumsan felis. Ut at dolor quis odio consequat varius."
