Contact_Name,Company_Name,Contact_Title,Headquarter_Address,Phone,Fax,Demographics,Client_Company_ID,Int_Emp_ID,Curr_Client_ID,Reports
Maria Bridges,Oyope,Mr,139 Sauthoff Court,+356 (863) 194-6805,+966 (966) 654-3311,neque sapien placerat ante nulla justo aliquam quis turpis,9134530606,230,9467661993,"Donec diam neque, vestibulum eget, vulputate ut, ultrices vel, augue. Vestibulum ante ipsum primis in faucibus orci luctus et ultrices posuere cubilia Curae; Donec pharetra, magna vestibulum aliquet ultrices, erat tortor sollicitudin mi, sit amet lobortis sapien sapien non mi. Integer ac neque.

Duis bibendum. Morbi non quam nec dui luctus rutrum. Nulla tellus.

In sagittis dui vel nisl. Duis ac nibh. Fusce lacus purus, aliquet at, feugiat non, pretium quis, lectus."
Latisha Bond,Riffpedia,Mr,13 Maywood Parkway,+93 (120) 131-9772,+86 (450) 332-3026,ac lobortis vel dapibus at diam nam,1262586062,231,7468186278,"Phasellus sit amet erat. Nulla tempus. Vivamus in felis eu sapien cursus vestibulum.

Proin eu mi. Nulla ac enim. In tempor, turpis nec euismod scelerisque, quam turpis adipiscing lorem, vitae mattis nibh ligula nec sem.

Duis aliquam convallis nunc. Proin at turpis a pede posuere nonummy. Integer non velit.

Donec diam neque, vestibulum eget, vulputate ut, ultrices vel, augue. Vestibulum ante ipsum primis in faucibus orci luctus et ultrices posuere cubilia Curae; Donec pharetra, magna vestibulum aliquet ultrices, erat tortor sollicitudin mi, sit amet lobortis sapien sapien non mi. Integer ac neque.

Duis bibendum. Morbi non quam nec dui luctus rutrum. Nulla tellus."
Brendon Sculpher,Omba,Mrs,619 Kipling Pass,+216 (477) 289-7024,+62 (742) 162-7711,porttitor pede justo eu massa donec dapibus duis at velit,7370314812,232,6664649489,"In congue. Etiam justo. Etiam pretium iaculis justo.

In hac habitasse platea dictumst. Etiam faucibus cursus urna. Ut tellus."
Ulrick Leuren,Vinte,Rev,8515 Maple Wood Center,+86 (207) 402-9457,+63 (898) 290-7022,maecenas rhoncus aliquam lacus morbi quis tortor id nulla ultrices,4087716309,233,9429212265,"Maecenas leo odio, condimentum id, luctus nec, molestie sed, justo. Pellentesque viverra pede ac diam. Cras pellentesque volutpat dui.

Maecenas tristique, est et tempus semper, est quam pharetra magna, ac consequat metus sapien ut nunc. Vestibulum ante ipsum primis in faucibus orci luctus et ultrices posuere cubilia Curae; Mauris viverra diam vitae quam. Suspendisse potenti.

Nullam porttitor lacus at turpis. Donec posuere metus vitae ipsum. Aliquam non mauris.

Morbi non lectus. Aliquam sit amet diam in magna bibendum imperdiet. Nullam orci pede, venenatis non, sodales sed, tincidunt eu, felis."
Isidoro Jeffs,Dabfeed,Mrs,108 Daystar Way,+30 (768) 734-6206,+62 (320) 281-0793,vel sem sed sagittis nam congue risus semper,4955806457,234,775550353,Aenean lectus. Pellentesque eget nunc. Donec quis orci eget orci vehicula condimentum.
Nalani Theodoris,Devcast,Ms,46306 Sloan Crossing,+7 (167) 551-6457,+233 (887) 483-1832,blandit nam nulla integer pede justo,8582387245,235,1265294704,"Maecenas ut massa quis augue luctus tincidunt. Nulla mollis molestie lorem. Quisque ut erat.

Curabitur gravida nisi at nibh. In hac habitasse platea dictumst. Aliquam augue quam, sollicitudin vitae, consectetuer eget, rutrum at, lorem."
Margaret Whybrow,Thoughtsphere,Ms,00174 Texas Parkway,+57 (778) 824-8510,+62 (702) 238-6699,tortor risus dapibus augue vel accumsan tellus nisi eu,4084794120,236,9078229721,"Cum sociis natoque penatibus et magnis dis parturient montes, nascetur ridiculus mus. Vivamus vestibulum sagittis sapien. Cum sociis natoque penatibus et magnis dis parturient montes, nascetur ridiculus mus.

Etiam vel augue. Vestibulum rutrum rutrum neque. Aenean auctor gravida sem.

Praesent id massa id nisl venenatis lacinia. Aenean sit amet justo. Morbi ut odio.

Cras mi pede, malesuada in, imperdiet et, commodo vulputate, justo. In blandit ultrices enim. Lorem ipsum dolor sit amet, consectetuer adipiscing elit."
Timmy Shemilt,Omba,Rev,15 Packers Hill,+63 (780) 436-9012,+63 (800) 139-0065,quam pede lobortis ligula sit amet eleifend pede libero quis,2099173958,237,4788639181,"Quisque id justo sit amet sapien dignissim vestibulum. Vestibulum ante ipsum primis in faucibus orci luctus et ultrices posuere cubilia Curae; Nulla dapibus dolor vel est. Donec odio justo, sollicitudin ut, suscipit a, feugiat et, eros.

Vestibulum ac est lacinia nisi venenatis tristique. Fusce congue, diam id ornare imperdiet, sapien urna pretium nisl, ut volutpat sapien arcu sed augue. Aliquam erat volutpat.

In congue. Etiam justo. Etiam pretium iaculis justo.

In hac habitasse platea dictumst. Etiam faucibus cursus urna. Ut tellus.

Nulla ut erat id mauris vulputate elementum. Nullam varius. Nulla facilisi."
Janis Statton,Devpoint,Ms,81390 Eastwood Court,+57 (166) 209-2705,+51 (443) 244-9724,interdum venenatis turpis enim blandit mi,8231266844,238,267345917,"Integer tincidunt ante vel ipsum. Praesent blandit lacinia erat. Vestibulum sed magna at nunc commodo placerat.

Praesent blandit. Nam nulla. Integer pede justo, lacinia eget, tincidunt eget, tempus vel, pede.

Morbi porttitor lorem id ligula. Suspendisse ornare consequat lectus. In est risus, auctor sed, tristique in, tempus sit amet, sem.

Fusce consequat. Nulla nisl. Nunc nisl.

Duis bibendum, felis sed interdum venenatis, turpis enim blandit mi, in porttitor pede justo eu massa. Donec dapibus. Duis at velit eu est congue elementum."
Niko Ferrey,Feedmix,Rev,73 5th Center,+84 (498) 733-6303,+33 (681) 429-7327,aenean fermentum donec ut mauris eget,2798444527,239,6895570020,Integer ac leo. Pellentesque ultrices mattis odio. Donec vitae nisi.
Rosalie Shickle,Dabtype,Ms,0198 Burrows Trail,+63 (766) 836-3285,+81 (773) 528-7768,curabitur gravida nisi at nibh in,4752739259,240,5342435234,"In hac habitasse platea dictumst. Etiam faucibus cursus urna. Ut tellus.

Nulla ut erat id mauris vulputate elementum. Nullam varius. Nulla facilisi.

Cras non velit nec nisi vulputate nonummy. Maecenas tincidunt lacus at velit. Vivamus vel nulla eget eros elementum pellentesque.

Quisque porta volutpat erat. Quisque erat eros, viverra eget, congue eget, semper rutrum, nulla. Nunc purus.

Phasellus in felis. Donec semper sapien a libero. Nam dui."
Anni Moret,Topdrive,Mr,22 Marquette Junction,+86 (223) 661-8580,+381 (832) 449-7577,nulla facilisi cras non velit nec nisi vulputate nonummy,3666413048,241,2104432235,"Sed ante. Vivamus tortor. Duis mattis egestas metus.

Aenean fermentum. Donec ut mauris eget massa tempor convallis. Nulla neque libero, convallis eget, eleifend luctus, ultricies eu, nibh.

Quisque id justo sit amet sapien dignissim vestibulum. Vestibulum ante ipsum primis in faucibus orci luctus et ultrices posuere cubilia Curae; Nulla dapibus dolor vel est. Donec odio justo, sollicitudin ut, suscipit a, feugiat et, eros.

Vestibulum ac est lacinia nisi venenatis tristique. Fusce congue, diam id ornare imperdiet, sapien urna pretium nisl, ut volutpat sapien arcu sed augue. Aliquam erat volutpat.

In congue. Etiam justo. Etiam pretium iaculis justo."
Coriss Crathorne,Fliptune,Mr,431 Hansons Junction,+236 (233) 144-2141,+351 (628) 877-4253,pede venenatis non sodales sed tincidunt eu,9821053580,242,3654911803,"Donec diam neque, vestibulum eget, vulputate ut, ultrices vel, augue. Vestibulum ante ipsum primis in faucibus orci luctus et ultrices posuere cubilia Curae; Donec pharetra, magna vestibulum aliquet ultrices, erat tortor sollicitudin mi, sit amet lobortis sapien sapien non mi. Integer ac neque.

Duis bibendum. Morbi non quam nec dui luctus rutrum. Nulla tellus.

In sagittis dui vel nisl. Duis ac nibh. Fusce lacus purus, aliquet at, feugiat non, pretium quis, lectus."
Gerrilee Kaley,Zooxo,Rev,26 Bellgrove Hill,+595 (265) 327-7481,+51 (916) 529-8370,in quis justo maecenas rhoncus,5803701521,243,4587202983,"Curabitur in libero ut massa volutpat convallis. Morbi odio odio, elementum eu, interdum eu, tincidunt in, leo. Maecenas pulvinar lobortis est.

Phasellus sit amet erat. Nulla tempus. Vivamus in felis eu sapien cursus vestibulum.

Proin eu mi. Nulla ac enim. In tempor, turpis nec euismod scelerisque, quam turpis adipiscing lorem, vitae mattis nibh ligula nec sem."
Benito Cretney,Yoveo,Ms,93914 Melody Center,+56 (306) 923-1354,+351 (156) 581-8378,cubilia curae nulla dapibus dolor vel est donec odio justo,9528989446,244,1292725192,"Aenean lectus. Pellentesque eget nunc. Donec quis orci eget orci vehicula condimentum.

Curabitur in libero ut massa volutpat convallis. Morbi odio odio, elementum eu, interdum eu, tincidunt in, leo. Maecenas pulvinar lobortis est.

Phasellus sit amet erat. Nulla tempus. Vivamus in felis eu sapien cursus vestibulum.

Proin eu mi. Nulla ac enim. In tempor, turpis nec euismod scelerisque, quam turpis adipiscing lorem, vitae mattis nibh ligula nec sem."
Elonore Lennox,Voonder,Rev,3 Autumn Leaf Drive,+82 (878) 877-8484,+62 (639) 989-1074,lectus aliquam sit amet diam,5401776284,245,1836055536,"Donec diam neque, vestibulum eget, vulputate ut, ultrices vel, augue. Vestibulum ante ipsum primis in faucibus orci luctus et ultrices posuere cubilia Curae; Donec pharetra, magna vestibulum aliquet ultrices, erat tortor sollicitudin mi, sit amet lobortis sapien sapien non mi. Integer ac neque.

Duis bibendum. Morbi non quam nec dui luctus rutrum. Nulla tellus.

In sagittis dui vel nisl. Duis ac nibh. Fusce lacus purus, aliquet at, feugiat non, pretium quis, lectus.

Suspendisse potenti. In eleifend quam a odio. In hac habitasse platea dictumst."
Alisun Feechum,Cogidoo,Mr,8 Victoria Point,+1 (575) 432-6718,+62 (996) 681-4816,id justo sit amet sapien dignissim vestibulum vestibulum ante ipsum,9388551869,246,4900207969,"Nullam sit amet turpis elementum ligula vehicula consequat. Morbi a ipsum. Integer a nibh.

In quis justo. Maecenas rhoncus aliquam lacus. Morbi quis tortor id nulla ultrices aliquet."
Donalt Ivasyushkin,Skynoodle,Dr,5 Morningstar Circle,+967 (934) 725-7514,+86 (352) 156-6661,amet sapien dignissim vestibulum vestibulum ante,7503367997,247,4762453366,"In congue. Etiam justo. Etiam pretium iaculis justo.

In hac habitasse platea dictumst. Etiam faucibus cursus urna. Ut tellus."
Charlotta Milley,Jabbersphere,Dr,84329 Glendale Alley,+62 (382) 970-3934,+62 (919) 437-6737,suspendisse potenti in eleifend quam,8292934057,248,280881169,"Duis bibendum. Morbi non quam nec dui luctus rutrum. Nulla tellus.

In sagittis dui vel nisl. Duis ac nibh. Fusce lacus purus, aliquet at, feugiat non, pretium quis, lectus.

Suspendisse potenti. In eleifend quam a odio. In hac habitasse platea dictumst.

Maecenas ut massa quis augue luctus tincidunt. Nulla mollis molestie lorem. Quisque ut erat."
Monro Ayce,Realblab,Honorable,3 Mariners Cove Hill,+1 (803) 723-4994,+53 (392) 619-2085,eget semper rutrum nulla nunc purus,7814993946,249,6743546569,"Vestibulum quam sapien, varius ut, blandit non, interdum in, ante. Vestibulum ante ipsum primis in faucibus orci luctus et ultrices posuere cubilia Curae; Duis faucibus accumsan odio. Curabitur convallis.

Duis consequat dui nec nisi volutpat eleifend. Donec ut dolor. Morbi vel lectus in quam fringilla rhoncus.

Mauris enim leo, rhoncus sed, vestibulum sit amet, cursus id, turpis. Integer aliquet, massa id lobortis convallis, tortor risus dapibus augue, vel accumsan tellus nisi eu orci. Mauris lacinia sapien quis libero.

Nullam sit amet turpis elementum ligula vehicula consequat. Morbi a ipsum. Integer a nibh.

In quis justo. Maecenas rhoncus aliquam lacus. Morbi quis tortor id nulla ultrices aliquet."
Joell Bigby,Feedmix,Rev,0358 Weeping Birch Junction,+82 (687) 654-2219,+507 (812) 828-5367,ac lobortis vel dapibus at,1590499735,250,9691562529,"In hac habitasse platea dictumst. Etiam faucibus cursus urna. Ut tellus.

Nulla ut erat id mauris vulputate elementum. Nullam varius. Nulla facilisi.

Cras non velit nec nisi vulputate nonummy. Maecenas tincidunt lacus at velit. Vivamus vel nulla eget eros elementum pellentesque.

Quisque porta volutpat erat. Quisque erat eros, viverra eget, congue eget, semper rutrum, nulla. Nunc purus."
Wade Jeayes,Topicblab,Rev,73094 Glendale Drive,+7 (816) 577-8630,+63 (268) 586-3620,orci pede venenatis non sodales sed tincidunt eu felis,3954047861,251,934193630,"Integer tincidunt ante vel ipsum. Praesent blandit lacinia erat. Vestibulum sed magna at nunc commodo placerat.

Praesent blandit. Nam nulla. Integer pede justo, lacinia eget, tincidunt eget, tempus vel, pede.

Morbi porttitor lorem id ligula. Suspendisse ornare consequat lectus. In est risus, auctor sed, tristique in, tempus sit amet, sem.

Fusce consequat. Nulla nisl. Nunc nisl.

Duis bibendum, felis sed interdum venenatis, turpis enim blandit mi, in porttitor pede justo eu massa. Donec dapibus. Duis at velit eu est congue elementum."
Avigdor Wenderott,Riffwire,Honorable,4 Algoma Lane,+47 (447) 600-2646,+46 (191) 763-9594,id luctus nec molestie sed,6091179942,252,6969232263,"Cras non velit nec nisi vulputate nonummy. Maecenas tincidunt lacus at velit. Vivamus vel nulla eget eros elementum pellentesque.

Quisque porta volutpat erat. Quisque erat eros, viverra eget, congue eget, semper rutrum, nulla. Nunc purus."
Donia Kennington,Skippad,Mr,059 Havey Way,+86 (988) 125-0698,+33 (371) 213-3620,ac neque duis bibendum morbi non quam,9735432668,253,9874873604,"Quisque porta volutpat erat. Quisque erat eros, viverra eget, congue eget, semper rutrum, nulla. Nunc purus.

Phasellus in felis. Donec semper sapien a libero. Nam dui.

Proin leo odio, porttitor id, consequat in, consequat ut, nulla. Sed accumsan felis. Ut at dolor quis odio consequat varius."
Ethe Dyerson,Kamba,Mr,55333 Homewood Parkway,+63 (823) 737-3692,+86 (981) 948-1485,ligula suspendisse ornare consequat lectus,217680364,254,4133836626,"Cum sociis natoque penatibus et magnis dis parturient montes, nascetur ridiculus mus. Vivamus vestibulum sagittis sapien. Cum sociis natoque penatibus et magnis dis parturient montes, nascetur ridiculus mus.

Etiam vel augue. Vestibulum rutrum rutrum neque. Aenean auctor gravida sem.

Praesent id massa id nisl venenatis lacinia. Aenean sit amet justo. Morbi ut odio."
Pedro Smees,Zoomdog,Honorable,03 Nevada Alley,+48 (720) 342-3436,+62 (398) 655-9992,nec euismod scelerisque quam turpis adipiscing lorem vitae,2392670897,255,5884506260,"Duis consequat dui nec nisi volutpat eleifend. Donec ut dolor. Morbi vel lectus in quam fringilla rhoncus.

Mauris enim leo, rhoncus sed, vestibulum sit amet, cursus id, turpis. Integer aliquet, massa id lobortis convallis, tortor risus dapibus augue, vel accumsan tellus nisi eu orci. Mauris lacinia sapien quis libero.

Nullam sit amet turpis elementum ligula vehicula consequat. Morbi a ipsum. Integer a nibh."
Gale Crellin,Mybuzz,Mr,3 Drewry Circle,+92 (760) 703-4030,+7 (732) 309-5420,ac tellus semper interdum mauris ullamcorper purus,9415969504,256,920935192,"Nullam porttitor lacus at turpis. Donec posuere metus vitae ipsum. Aliquam non mauris.

Morbi non lectus. Aliquam sit amet diam in magna bibendum imperdiet. Nullam orci pede, venenatis non, sodales sed, tincidunt eu, felis."
Wilhelmine Koubu,Jaxbean,Mr,79 Waywood Terrace,+86 (321) 781-8401,+51 (657) 156-5335,in tempus sit amet sem fusce consequat nulla nisl nunc,4912704458,257,9516262457,"Praesent blandit. Nam nulla. Integer pede justo, lacinia eget, tincidunt eget, tempus vel, pede."
Kai Dewey,Rhynoodle,Ms,4635 Fuller Trail,+63 (972) 877-5897,+86 (326) 992-7882,diam vitae quam suspendisse potenti nullam porttitor,4914419610,258,5128406008,"Phasellus sit amet erat. Nulla tempus. Vivamus in felis eu sapien cursus vestibulum.

Proin eu mi. Nulla ac enim. In tempor, turpis nec euismod scelerisque, quam turpis adipiscing lorem, vitae mattis nibh ligula nec sem.

Duis aliquam convallis nunc. Proin at turpis a pede posuere nonummy. Integer non velit."
Haily Philot,Wikizz,Rev,4674 Vermont Street,+351 (789) 646-9587,+55 (471) 320-1663,blandit ultrices enim lorem ipsum dolor sit amet consectetuer,5408867110,259,1469214873,"Curabitur gravida nisi at nibh. In hac habitasse platea dictumst. Aliquam augue quam, sollicitudin vitae, consectetuer eget, rutrum at, lorem.

Integer tincidunt ante vel ipsum. Praesent blandit lacinia erat. Vestibulum sed magna at nunc commodo placerat.

Praesent blandit. Nam nulla. Integer pede justo, lacinia eget, tincidunt eget, tempus vel, pede."
Roselin Blunkett,Yozio,Ms,62380 Oriole Junction,+86 (302) 985-1039,+33 (509) 852-5006,sagittis nam congue risus semper porta,4595879032,260,9572590979,"Vestibulum ac est lacinia nisi venenatis tristique. Fusce congue, diam id ornare imperdiet, sapien urna pretium nisl, ut volutpat sapien arcu sed augue. Aliquam erat volutpat.

In congue. Etiam justo. Etiam pretium iaculis justo.

In hac habitasse platea dictumst. Etiam faucibus cursus urna. Ut tellus.

Nulla ut erat id mauris vulputate elementum. Nullam varius. Nulla facilisi.

Cras non velit nec nisi vulputate nonummy. Maecenas tincidunt lacus at velit. Vivamus vel nulla eget eros elementum pellentesque."
Cletus Grassett,Twitterbeat,Dr,5555 Manitowish Pass,+57 (641) 485-6332,+86 (296) 837-4391,sit amet sem fusce consequat nulla,1386755222,261,617541159,"Duis bibendum. Morbi non quam nec dui luctus rutrum. Nulla tellus.

In sagittis dui vel nisl. Duis ac nibh. Fusce lacus purus, aliquet at, feugiat non, pretium quis, lectus.

Suspendisse potenti. In eleifend quam a odio. In hac habitasse platea dictumst.

Maecenas ut massa quis augue luctus tincidunt. Nulla mollis molestie lorem. Quisque ut erat."
Pru Mussetti,Feedfish,Ms,28682 Del Sol Parkway,+86 (126) 661-8229,+86 (954) 320-0330,dapibus augue vel accumsan tellus,5437962347,262,8710416889,"Proin leo odio, porttitor id, consequat in, consequat ut, nulla. Sed accumsan felis. Ut at dolor quis odio consequat varius.

Integer ac leo. Pellentesque ultrices mattis odio. Donec vitae nisi."
Wye Halfhyde,Jatri,Mr,900 Magdeline Plaza,+237 (756) 979-1959,+63 (809) 156-3562,aliquam lacus morbi quis tortor id nulla ultrices,7333417514,263,7923583056,Cras non velit nec nisi vulputate nonummy. Maecenas tincidunt lacus at velit. Vivamus vel nulla eget eros elementum pellentesque.
Jeremie Vela,Gabcube,Rev,4 Lakewood Gardens Lane,+1 (863) 839-9921,+86 (209) 467-5900,eget elit sodales scelerisque mauris sit amet,4883319008,264,2641745550,"Sed sagittis. Nam congue, risus semper porta volutpat, quam pede lobortis ligula, sit amet eleifend pede libero quis orci. Nullam molestie nibh in lectus.

Pellentesque at nulla. Suspendisse potenti. Cras in purus eu magna vulputate luctus.

Cum sociis natoque penatibus et magnis dis parturient montes, nascetur ridiculus mus. Vivamus vestibulum sagittis sapien. Cum sociis natoque penatibus et magnis dis parturient montes, nascetur ridiculus mus.

Etiam vel augue. Vestibulum rutrum rutrum neque. Aenean auctor gravida sem."
Emile Marton,Twimm,Mrs,8576 Fairview Avenue,+86 (883) 286-6255,+48 (690) 544-0991,at diam nam tristique tortor eu pede,7614794109,265,9187020556,"Maecenas ut massa quis augue luctus tincidunt. Nulla mollis molestie lorem. Quisque ut erat.

Curabitur gravida nisi at nibh. In hac habitasse platea dictumst. Aliquam augue quam, sollicitudin vitae, consectetuer eget, rutrum at, lorem.

Integer tincidunt ante vel ipsum. Praesent blandit lacinia erat. Vestibulum sed magna at nunc commodo placerat."
Tammi Kildea,Katz,Honorable,4072 Northport Center,+66 (901) 277-5596,+86 (621) 332-4751,orci nullam molestie nibh in lectus pellentesque,8023036165,266,2688993151,"Nullam porttitor lacus at turpis. Donec posuere metus vitae ipsum. Aliquam non mauris.

Morbi non lectus. Aliquam sit amet diam in magna bibendum imperdiet. Nullam orci pede, venenatis non, sodales sed, tincidunt eu, felis.

Fusce posuere felis sed lacus. Morbi sem mauris, laoreet ut, rhoncus aliquet, pulvinar sed, nisl. Nunc rhoncus dui vel sem.

Sed sagittis. Nam congue, risus semper porta volutpat, quam pede lobortis ligula, sit amet eleifend pede libero quis orci. Nullam molestie nibh in lectus."
Renelle Scullin,Skimia,Rev,29479 Magdeline Terrace,+93 (857) 156-6518,+55 (390) 869-6665,blandit ultrices enim lorem ipsum dolor sit amet consectetuer adipiscing,3015197401,267,3845496061,"Mauris enim leo, rhoncus sed, vestibulum sit amet, cursus id, turpis. Integer aliquet, massa id lobortis convallis, tortor risus dapibus augue, vel accumsan tellus nisi eu orci. Mauris lacinia sapien quis libero.

Nullam sit amet turpis elementum ligula vehicula consequat. Morbi a ipsum. Integer a nibh.

In quis justo. Maecenas rhoncus aliquam lacus. Morbi quis tortor id nulla ultrices aliquet.

Maecenas leo odio, condimentum id, luctus nec, molestie sed, justo. Pellentesque viverra pede ac diam. Cras pellentesque volutpat dui."
Gwendolin Frear,Twitterwire,Rev,4 Loftsgordon Avenue,+63 (984) 283-8177,+387 (297) 157-3591,integer a nibh in quis justo maecenas,1748122282,268,9064744149,"Vestibulum quam sapien, varius ut, blandit non, interdum in, ante. Vestibulum ante ipsum primis in faucibus orci luctus et ultrices posuere cubilia Curae; Duis faucibus accumsan odio. Curabitur convallis.

Duis consequat dui nec nisi volutpat eleifend. Donec ut dolor. Morbi vel lectus in quam fringilla rhoncus.

Mauris enim leo, rhoncus sed, vestibulum sit amet, cursus id, turpis. Integer aliquet, massa id lobortis convallis, tortor risus dapibus augue, vel accumsan tellus nisi eu orci. Mauris lacinia sapien quis libero.

Nullam sit amet turpis elementum ligula vehicula consequat. Morbi a ipsum. Integer a nibh.

In quis justo. Maecenas rhoncus aliquam lacus. Morbi quis tortor id nulla ultrices aliquet."
Alberik Smidmor,Gigashots,Dr,8 Arrowood Parkway,+86 (128) 862-8920,+98 (597) 126-8440,sed vel enim sit amet,8952458613,269,7561109407,"Praesent blandit. Nam nulla. Integer pede justo, lacinia eget, tincidunt eget, tempus vel, pede.

Morbi porttitor lorem id ligula. Suspendisse ornare consequat lectus. In est risus, auctor sed, tristique in, tempus sit amet, sem.

Fusce consequat. Nulla nisl. Nunc nisl.

Duis bibendum, felis sed interdum venenatis, turpis enim blandit mi, in porttitor pede justo eu massa. Donec dapibus. Duis at velit eu est congue elementum."
Boycie Lemmon,Jabbertype,Rev,0 Veith Alley,+351 (615) 929-9495,+1 (817) 590-5618,leo rhoncus sed vestibulum sit amet cursus id turpis integer,9007550101,270,2149725401,"Integer tincidunt ante vel ipsum. Praesent blandit lacinia erat. Vestibulum sed magna at nunc commodo placerat.

Praesent blandit. Nam nulla. Integer pede justo, lacinia eget, tincidunt eget, tempus vel, pede.

Morbi porttitor lorem id ligula. Suspendisse ornare consequat lectus. In est risus, auctor sed, tristique in, tempus sit amet, sem.

Fusce consequat. Nulla nisl. Nunc nisl."
Harlan Claiden,Tazz,Dr,263 Rutledge Court,+86 (938) 545-7870,+86 (129) 810-3167,ultrices enim lorem ipsum dolor sit amet consectetuer,9350940434,271,4822461327,"Proin interdum mauris non ligula pellentesque ultrices. Phasellus id sapien in sapien iaculis congue. Vivamus metus arcu, adipiscing molestie, hendrerit at, vulputate vitae, nisl.

Aenean lectus. Pellentesque eget nunc. Donec quis orci eget orci vehicula condimentum."
Freeland Gerdes,Kwinu,Honorable,339 Rockefeller Park,+386 (180) 868-4988,+81 (506) 407-2722,volutpat dui maecenas tristique est,4527553127,272,9652783064,"Phasellus sit amet erat. Nulla tempus. Vivamus in felis eu sapien cursus vestibulum.

Proin eu mi. Nulla ac enim. In tempor, turpis nec euismod scelerisque, quam turpis adipiscing lorem, vitae mattis nibh ligula nec sem."
Lonee Harm,Browsecat,Dr,7728 Golf View Trail,+55 (554) 420-2438,+84 (104) 746-4049,quis turpis sed ante vivamus tortor duis,1214596819,273,6477074524,"Lorem ipsum dolor sit amet, consectetuer adipiscing elit. Proin risus. Praesent lectus.

Vestibulum quam sapien, varius ut, blandit non, interdum in, ante. Vestibulum ante ipsum primis in faucibus orci luctus et ultrices posuere cubilia Curae; Duis faucibus accumsan odio. Curabitur convallis.

Duis consequat dui nec nisi volutpat eleifend. Donec ut dolor. Morbi vel lectus in quam fringilla rhoncus.

Mauris enim leo, rhoncus sed, vestibulum sit amet, cursus id, turpis. Integer aliquet, massa id lobortis convallis, tortor risus dapibus augue, vel accumsan tellus nisi eu orci. Mauris lacinia sapien quis libero.

Nullam sit amet turpis elementum ligula vehicula consequat. Morbi a ipsum. Integer a nibh."
Maximilianus Tow,Kamba,Dr,426 Main Drive,+86 (242) 640-5005,+86 (972) 997-6662,cursus vestibulum proin eu mi nulla ac,9415046937,274,7666795068,"Integer tincidunt ante vel ipsum. Praesent blandit lacinia erat. Vestibulum sed magna at nunc commodo placerat.

Praesent blandit. Nam nulla. Integer pede justo, lacinia eget, tincidunt eget, tempus vel, pede.

Morbi porttitor lorem id ligula. Suspendisse ornare consequat lectus. In est risus, auctor sed, tristique in, tempus sit amet, sem."
Briny Jordan,Topiczoom,Mrs,6 Portage Avenue,+7 (833) 338-5716,+7 (714) 176-1660,nibh in lectus pellentesque at nulla suspendisse potenti,4667311177,275,1958031631,"Proin interdum mauris non ligula pellentesque ultrices. Phasellus id sapien in sapien iaculis congue. Vivamus metus arcu, adipiscing molestie, hendrerit at, vulputate vitae, nisl.

Aenean lectus. Pellentesque eget nunc. Donec quis orci eget orci vehicula condimentum.

Curabitur in libero ut massa volutpat convallis. Morbi odio odio, elementum eu, interdum eu, tincidunt in, leo. Maecenas pulvinar lobortis est."
Keelia Rocco,Meetz,Ms,2 Redwing Center,+220 (578) 176-9039,+48 (587) 839-6755,orci luctus et ultrices posuere cubilia curae,508979900,276,5330803322,"Aliquam quis turpis eget elit sodales scelerisque. Mauris sit amet eros. Suspendisse accumsan tortor quis turpis.

Sed ante. Vivamus tortor. Duis mattis egestas metus.

Aenean fermentum. Donec ut mauris eget massa tempor convallis. Nulla neque libero, convallis eget, eleifend luctus, ultricies eu, nibh.

Quisque id justo sit amet sapien dignissim vestibulum. Vestibulum ante ipsum primis in faucibus orci luctus et ultrices posuere cubilia Curae; Nulla dapibus dolor vel est. Donec odio justo, sollicitudin ut, suscipit a, feugiat et, eros."
Jena Galletley,Eabox,Honorable,140 Grim Point,+351 (532) 889-5743,+51 (272) 995-4699,molestie nibh in lectus pellentesque at nulla,8724468223,277,316160024,"Sed ante. Vivamus tortor. Duis mattis egestas metus.

Aenean fermentum. Donec ut mauris eget massa tempor convallis. Nulla neque libero, convallis eget, eleifend luctus, ultricies eu, nibh.

Quisque id justo sit amet sapien dignissim vestibulum. Vestibulum ante ipsum primis in faucibus orci luctus et ultrices posuere cubilia Curae; Nulla dapibus dolor vel est. Donec odio justo, sollicitudin ut, suscipit a, feugiat et, eros.

Vestibulum ac est lacinia nisi venenatis tristique. Fusce congue, diam id ornare imperdiet, sapien urna pretium nisl, ut volutpat sapien arcu sed augue. Aliquam erat volutpat.

In congue. Etiam justo. Etiam pretium iaculis justo."
Nani Pelham,Linktype,Honorable,16295 Farwell Pass,+60 (216) 718-9219,+63 (122) 874-9040,fermentum justo nec condimentum neque sapien placerat ante nulla justo,7963915467,278,8914181707,"Suspendisse potenti. In eleifend quam a odio. In hac habitasse platea dictumst.

Maecenas ut massa quis augue luctus tincidunt. Nulla mollis molestie lorem. Quisque ut erat.

Curabitur gravida nisi at nibh. In hac habitasse platea dictumst. Aliquam augue quam, sollicitudin vitae, consectetuer eget, rutrum at, lorem.

Integer tincidunt ante vel ipsum. Praesent blandit lacinia erat. Vestibulum sed magna at nunc commodo placerat."
Candace Morgue,Geba,Rev,6 Lerdahl Avenue,+357 (491) 276-0246,+7 (542) 884-4005,donec vitae nisi nam ultrices libero non mattis pulvinar nulla,277005736,279,700120343,"Vestibulum quam sapien, varius ut, blandit non, interdum in, ante. Vestibulum ante ipsum primis in faucibus orci luctus et ultrices posuere cubilia Curae; Duis faucibus accumsan odio. Curabitur convallis.

Duis consequat dui nec nisi volutpat eleifend. Donec ut dolor. Morbi vel lectus in quam fringilla rhoncus."
Doloritas St Ange,Fivespan,Mrs,8 Eggendart Plaza,+351 (821) 853-4028,+58 (501) 873-3555,condimentum neque sapien placerat ante,4637651980,280,1103865749,"In hac habitasse platea dictumst. Etiam faucibus cursus urna. Ut tellus.

Nulla ut erat id mauris vulputate elementum. Nullam varius. Nulla facilisi.

Cras non velit nec nisi vulputate nonummy. Maecenas tincidunt lacus at velit. Vivamus vel nulla eget eros elementum pellentesque.

Quisque porta volutpat erat. Quisque erat eros, viverra eget, congue eget, semper rutrum, nulla. Nunc purus."
Zachery Berford,Skalith,Ms,5389 School Place,+62 (214) 855-8846,+7 (821) 663-8669,id nulla ultrices aliquet maecenas leo odio,8670682494,281,124599532,"Vestibulum ac est lacinia nisi venenatis tristique. Fusce congue, diam id ornare imperdiet, sapien urna pretium nisl, ut volutpat sapien arcu sed augue. Aliquam erat volutpat.

In congue. Etiam justo. Etiam pretium iaculis justo.

In hac habitasse platea dictumst. Etiam faucibus cursus urna. Ut tellus.

Nulla ut erat id mauris vulputate elementum. Nullam varius. Nulla facilisi."
Silvia Roote,Chatterpoint,Rev,7885 Starling Drive,+81 (532) 942-0129,+234 (431) 240-9366,nulla justo aliquam quis turpis,9161831352,282,8457926322,"In hac habitasse platea dictumst. Morbi vestibulum, velit id pretium iaculis, diam erat fermentum justo, nec condimentum neque sapien placerat ante. Nulla justo.

Aliquam quis turpis eget elit sodales scelerisque. Mauris sit amet eros. Suspendisse accumsan tortor quis turpis.

Sed ante. Vivamus tortor. Duis mattis egestas metus."
Gordy Varey,Topicblab,Mr,9 Farmco Junction,+55 (362) 944-6583,+46 (659) 341-1227,et magnis dis parturient montes nascetur ridiculus mus,2734533901,283,3882304685,Etiam vel augue. Vestibulum rutrum rutrum neque. Aenean auctor gravida sem.
Danica Turrell,Skalith,Mr,9 Randy Drive,+358 (737) 445-3991,+98 (558) 657-0636,in est risus auctor sed tristique,388601647,284,9572221698,"In hac habitasse platea dictumst. Morbi vestibulum, velit id pretium iaculis, diam erat fermentum justo, nec condimentum neque sapien placerat ante. Nulla justo.

Aliquam quis turpis eget elit sodales scelerisque. Mauris sit amet eros. Suspendisse accumsan tortor quis turpis.

Sed ante. Vivamus tortor. Duis mattis egestas metus."
Riordan Jakeway,Flipstorm,Ms,65043 Del Mar Alley,+62 (826) 469-5051,+81 (275) 111-1298,morbi porttitor lorem id ligula suspendisse ornare consequat lectus,2292441756,285,7287503204,"Duis aliquam convallis nunc. Proin at turpis a pede posuere nonummy. Integer non velit.

Donec diam neque, vestibulum eget, vulputate ut, ultrices vel, augue. Vestibulum ante ipsum primis in faucibus orci luctus et ultrices posuere cubilia Curae; Donec pharetra, magna vestibulum aliquet ultrices, erat tortor sollicitudin mi, sit amet lobortis sapien sapien non mi. Integer ac neque.

Duis bibendum. Morbi non quam nec dui luctus rutrum. Nulla tellus.

In sagittis dui vel nisl. Duis ac nibh. Fusce lacus purus, aliquet at, feugiat non, pretium quis, lectus."
Rafaelita Babin,Realcube,Honorable,8237 Claremont Park,+86 (344) 169-4621,+81 (260) 640-4700,aliquet pulvinar sed nisl nunc rhoncus dui vel,3945013690,286,4985292400,"Nam ultrices, libero non mattis pulvinar, nulla pede ullamcorper augue, a suscipit nulla elit ac nulla. Sed vel enim sit amet nunc viverra dapibus. Nulla suscipit ligula in lacus."
Tony Crewes,Jaloo,Rev,57968 Schiller Junction,+63 (927) 740-8958,+992 (615) 549-9208,orci luctus et ultrices posuere cubilia curae mauris viverra diam,6875380668,287,3288442019,"Suspendisse potenti. In eleifend quam a odio. In hac habitasse platea dictumst.

Maecenas ut massa quis augue luctus tincidunt. Nulla mollis molestie lorem. Quisque ut erat.

Curabitur gravida nisi at nibh. In hac habitasse platea dictumst. Aliquam augue quam, sollicitudin vitae, consectetuer eget, rutrum at, lorem."
Panchito Hendriksen,Twiyo,Ms,13572 Bellgrove Junction,+62 (604) 133-3784,+1 (773) 605-5594,arcu libero rutrum ac lobortis vel,4506509951,288,667453369,"Duis bibendum. Morbi non quam nec dui luctus rutrum. Nulla tellus.

In sagittis dui vel nisl. Duis ac nibh. Fusce lacus purus, aliquet at, feugiat non, pretium quis, lectus.

Suspendisse potenti. In eleifend quam a odio. In hac habitasse platea dictumst."
Janaya Crandon,Oozz,Ms,46591 Cardinal Alley,+420 (815) 983-9740,+86 (906) 688-8733,auctor gravida sem praesent id massa id nisl venenatis lacinia,9316935113,289,4018821344,"Proin interdum mauris non ligula pellentesque ultrices. Phasellus id sapien in sapien iaculis congue. Vivamus metus arcu, adipiscing molestie, hendrerit at, vulputate vitae, nisl."
Mano Wheatcroft,Realcube,Dr,48040 Bobwhite Circle,+236 (874) 923-1849,+7 (698) 820-4296,amet sem fusce consequat nulla nisl nunc nisl,1581184158,290,7330047384,"Aenean fermentum. Donec ut mauris eget massa tempor convallis. Nulla neque libero, convallis eget, eleifend luctus, ultricies eu, nibh."
Edee Roma,Zoonoodle,Rev,452 Mcbride Drive,+86 (582) 526-9744,+86 (396) 389-4026,quam turpis adipiscing lorem vitae mattis nibh ligula,8357805604,291,8533194579,"Praesent blandit. Nam nulla. Integer pede justo, lacinia eget, tincidunt eget, tempus vel, pede.

Morbi porttitor lorem id ligula. Suspendisse ornare consequat lectus. In est risus, auctor sed, tristique in, tempus sit amet, sem."
Katey Molen,Linkbridge,Rev,14 Lerdahl Way,+63 (664) 767-9052,+33 (270) 489-3642,condimentum id luctus nec molestie sed justo pellentesque viverra pede,1562579835,292,6418489780,"Cum sociis natoque penatibus et magnis dis parturient montes, nascetur ridiculus mus. Vivamus vestibulum sagittis sapien. Cum sociis natoque penatibus et magnis dis parturient montes, nascetur ridiculus mus.

Etiam vel augue. Vestibulum rutrum rutrum neque. Aenean auctor gravida sem.

Praesent id massa id nisl venenatis lacinia. Aenean sit amet justo. Morbi ut odio.

Cras mi pede, malesuada in, imperdiet et, commodo vulputate, justo. In blandit ultrices enim. Lorem ipsum dolor sit amet, consectetuer adipiscing elit."
Linzy Josskoviz,Aimbo,Dr,33 Butterfield Junction,+30 (282) 661-5577,+57 (615) 271-9916,aliquam erat volutpat in congue etiam justo etiam,8686869378,293,994431473,"Phasellus in felis. Donec semper sapien a libero. Nam dui.

Proin leo odio, porttitor id, consequat in, consequat ut, nulla. Sed accumsan felis. Ut at dolor quis odio consequat varius.

Integer ac leo. Pellentesque ultrices mattis odio. Donec vitae nisi."
Ealasaid Buckeridge,Zoomlounge,Dr,43 Little Fleur Crossing,+86 (531) 283-3182,+375 (422) 869-1990,massa quis augue luctus tincidunt nulla mollis,6296947844,294,7729088584,"Morbi non lectus. Aliquam sit amet diam in magna bibendum imperdiet. Nullam orci pede, venenatis non, sodales sed, tincidunt eu, felis.

Fusce posuere felis sed lacus. Morbi sem mauris, laoreet ut, rhoncus aliquet, pulvinar sed, nisl. Nunc rhoncus dui vel sem.

Sed sagittis. Nam congue, risus semper porta volutpat, quam pede lobortis ligula, sit amet eleifend pede libero quis orci. Nullam molestie nibh in lectus."
Anatole Cockburn,Demivee,Mrs,8400 Monica Street,+86 (455) 730-6109,+55 (382) 722-8715,sapien varius ut blandit non interdum in ante vestibulum,9169393893,295,9148178551,"Cras non velit nec nisi vulputate nonummy. Maecenas tincidunt lacus at velit. Vivamus vel nulla eget eros elementum pellentesque.

Quisque porta volutpat erat. Quisque erat eros, viverra eget, congue eget, semper rutrum, nulla. Nunc purus.

Phasellus in felis. Donec semper sapien a libero. Nam dui.

Proin leo odio, porttitor id, consequat in, consequat ut, nulla. Sed accumsan felis. Ut at dolor quis odio consequat varius."
Emelia Kingswood,Realfire,Dr,5 Dwight Junction,+44 (938) 687-4181,+7 (248) 221-1405,bibendum felis sed interdum venenatis,1092440208,296,1422982750,"Fusce posuere felis sed lacus. Morbi sem mauris, laoreet ut, rhoncus aliquet, pulvinar sed, nisl. Nunc rhoncus dui vel sem.

Sed sagittis. Nam congue, risus semper porta volutpat, quam pede lobortis ligula, sit amet eleifend pede libero quis orci. Nullam molestie nibh in lectus.

Pellentesque at nulla. Suspendisse potenti. Cras in purus eu magna vulputate luctus."
Demetris Artist,Tambee,Dr,2280 Service Street,+420 (955) 184-4944,+374 (244) 885-7222,odio cras mi pede malesuada in imperdiet et commodo,6018780747,297,2681670667,"Mauris enim leo, rhoncus sed, vestibulum sit amet, cursus id, turpis. Integer aliquet, massa id lobortis convallis, tortor risus dapibus augue, vel accumsan tellus nisi eu orci. Mauris lacinia sapien quis libero.

Nullam sit amet turpis elementum ligula vehicula consequat. Morbi a ipsum. Integer a nibh.

In quis justo. Maecenas rhoncus aliquam lacus. Morbi quis tortor id nulla ultrices aliquet.

Maecenas leo odio, condimentum id, luctus nec, molestie sed, justo. Pellentesque viverra pede ac diam. Cras pellentesque volutpat dui.

Maecenas tristique, est et tempus semper, est quam pharetra magna, ac consequat metus sapien ut nunc. Vestibulum ante ipsum primis in faucibus orci luctus et ultrices posuere cubilia Curae; Mauris viverra diam vitae quam. Suspendisse potenti."
Polly Stammers,Photolist,Mr,28 Farmco Circle,+963 (926) 588-5027,+33 (209) 110-1243,ligula vehicula consequat morbi a,5200476968,298,9740901948,"Duis bibendum, felis sed interdum venenatis, turpis enim blandit mi, in porttitor pede justo eu massa. Donec dapibus. Duis at velit eu est congue elementum."
Wallas Piscopo,Skyble,Mr,56973 Continental Terrace,+63 (955) 437-6570,+86 (533) 676-2754,ultrices mattis odio donec vitae nisi nam ultrices libero non,8540115174,299,6639733382,Duis aliquam convallis nunc. Proin at turpis a pede posuere nonummy. Integer non velit.
Rutherford Doudney,Realpoint,Dr,8239 Meadow Ridge Way,+55 (602) 248-7630,+55 (275) 317-7220,nulla facilisi cras non velit nec nisi vulputate nonummy maecenas,9541545106,300,1283710765,"In congue. Etiam justo. Etiam pretium iaculis justo.

In hac habitasse platea dictumst. Etiam faucibus cursus urna. Ut tellus.

Nulla ut erat id mauris vulputate elementum. Nullam varius. Nulla facilisi.

Cras non velit nec nisi vulputate nonummy. Maecenas tincidunt lacus at velit. Vivamus vel nulla eget eros elementum pellentesque.

Quisque porta volutpat erat. Quisque erat eros, viverra eget, congue eget, semper rutrum, nulla. Nunc purus."
Quentin Egger,Realblab,Rev,0768 Meadow Ridge Road,+380 (743) 276-4648,+502 (645) 298-3686,nonummy maecenas tincidunt lacus at,2744231037,301,1834508770,"Fusce consequat. Nulla nisl. Nunc nisl.

Duis bibendum, felis sed interdum venenatis, turpis enim blandit mi, in porttitor pede justo eu massa. Donec dapibus. Duis at velit eu est congue elementum.

In hac habitasse platea dictumst. Morbi vestibulum, velit id pretium iaculis, diam erat fermentum justo, nec condimentum neque sapien placerat ante. Nulla justo.

Aliquam quis turpis eget elit sodales scelerisque. Mauris sit amet eros. Suspendisse accumsan tortor quis turpis.

Sed ante. Vivamus tortor. Duis mattis egestas metus."
Annora Turfitt,Brainsphere,Mr,5277 Hooker Plaza,+975 (279) 557-0982,+351 (212) 484-1556,a libero nam dui proin leo odio porttitor id,1382306547,302,8510683441,"Praesent blandit. Nam nulla. Integer pede justo, lacinia eget, tincidunt eget, tempus vel, pede.

Morbi porttitor lorem id ligula. Suspendisse ornare consequat lectus. In est risus, auctor sed, tristique in, tempus sit amet, sem.

Fusce consequat. Nulla nisl. Nunc nisl."
Ddene Benoiton,Yabox,Dr,46 Elka Terrace,+86 (338) 609-3517,+380 (581) 847-7532,turpis integer aliquet massa id lobortis convallis tortor risus,4079076924,303,1034074180,"Cras mi pede, malesuada in, imperdiet et, commodo vulputate, justo. In blandit ultrices enim. Lorem ipsum dolor sit amet, consectetuer adipiscing elit.

Proin interdum mauris non ligula pellentesque ultrices. Phasellus id sapien in sapien iaculis congue. Vivamus metus arcu, adipiscing molestie, hendrerit at, vulputate vitae, nisl.

Aenean lectus. Pellentesque eget nunc. Donec quis orci eget orci vehicula condimentum.

Curabitur in libero ut massa volutpat convallis. Morbi odio odio, elementum eu, interdum eu, tincidunt in, leo. Maecenas pulvinar lobortis est.

Phasellus sit amet erat. Nulla tempus. Vivamus in felis eu sapien cursus vestibulum."
Anallise Rennebeck,Babbleblab,Mr,41738 Merry Terrace,+46 (694) 498-1191,+7 (115) 954-1204,curabitur gravida nisi at nibh in hac habitasse platea,9266006475,304,3129976000,"Fusce posuere felis sed lacus. Morbi sem mauris, laoreet ut, rhoncus aliquet, pulvinar sed, nisl. Nunc rhoncus dui vel sem.

Sed sagittis. Nam congue, risus semper porta volutpat, quam pede lobortis ligula, sit amet eleifend pede libero quis orci. Nullam molestie nibh in lectus.

Pellentesque at nulla. Suspendisse potenti. Cras in purus eu magna vulputate luctus."
Aubry Feckey,Skipfire,Mr,25084 American Ash Lane,+81 (684) 511-9184,+380 (542) 824-3638,augue vestibulum rutrum rutrum neque,5057944991,305,6086726213,"Cras mi pede, malesuada in, imperdiet et, commodo vulputate, justo. In blandit ultrices enim. Lorem ipsum dolor sit amet, consectetuer adipiscing elit."
Jenny Almon,Browsedrive,Mrs,89 Debra Drive,+57 (748) 600-9050,+48 (298) 252-3787,at nunc commodo placerat praesent blandit nam nulla,6949584326,306,1708061614,"Curabitur in libero ut massa volutpat convallis. Morbi odio odio, elementum eu, interdum eu, tincidunt in, leo. Maecenas pulvinar lobortis est.

Phasellus sit amet erat. Nulla tempus. Vivamus in felis eu sapien cursus vestibulum."
Brear Rubinov,Zoovu,Dr,82120 Sullivan Avenue,+63 (288) 977-2895,+81 (722) 573-6200,orci luctus et ultrices posuere cubilia curae,9176126927,307,9044477420,Aliquam quis turpis eget elit sodales scelerisque. Mauris sit amet eros. Suspendisse accumsan tortor quis turpis.
Trixie Pavelka,Feedfish,Mr,44 Kingsford Parkway,+358 (579) 498-1026,+95 (543) 962-5546,elit proin risus praesent lectus,5372970898,308,7968983878,"In hac habitasse platea dictumst. Morbi vestibulum, velit id pretium iaculis, diam erat fermentum justo, nec condimentum neque sapien placerat ante. Nulla justo.

Aliquam quis turpis eget elit sodales scelerisque. Mauris sit amet eros. Suspendisse accumsan tortor quis turpis.

Sed ante. Vivamus tortor. Duis mattis egestas metus.

Aenean fermentum. Donec ut mauris eget massa tempor convallis. Nulla neque libero, convallis eget, eleifend luctus, ultricies eu, nibh.

Quisque id justo sit amet sapien dignissim vestibulum. Vestibulum ante ipsum primis in faucibus orci luctus et ultrices posuere cubilia Curae; Nulla dapibus dolor vel est. Donec odio justo, sollicitudin ut, suscipit a, feugiat et, eros."
Wildon Digby,Jaxspan,Mrs,5 Kinsman Drive,+380 (615) 979-6494,+86 (558) 260-0559,purus sit amet nulla quisque arcu libero rutrum,597726647,309,4126237259,"Maecenas ut massa quis augue luctus tincidunt. Nulla mollis molestie lorem. Quisque ut erat.

Curabitur gravida nisi at nibh. In hac habitasse platea dictumst. Aliquam augue quam, sollicitudin vitae, consectetuer eget, rutrum at, lorem.

Integer tincidunt ante vel ipsum. Praesent blandit lacinia erat. Vestibulum sed magna at nunc commodo placerat."
Sianna Sanbroke,Omba,Honorable,70865 Division Circle,+55 (674) 610-0953,+63 (264) 912-8257,ut massa quis augue luctus tincidunt nulla mollis molestie lorem,2136848577,310,6354571686,"Aenean fermentum. Donec ut mauris eget massa tempor convallis. Nulla neque libero, convallis eget, eleifend luctus, ultricies eu, nibh."
Kacey Bodham,Youspan,Mr,26 Browning Park,+62 (313) 135-1311,+86 (573) 798-1012,aliquam sit amet diam in magna bibendum imperdiet nullam orci,9359370029,311,2999813961,"Cras non velit nec nisi vulputate nonummy. Maecenas tincidunt lacus at velit. Vivamus vel nulla eget eros elementum pellentesque.

Quisque porta volutpat erat. Quisque erat eros, viverra eget, congue eget, semper rutrum, nulla. Nunc purus.

Phasellus in felis. Donec semper sapien a libero. Nam dui."
Hayden Kennifeck,Lazz,Mr,086 Heffernan Point,+1 (817) 322-2963,+233 (366) 173-9750,ut erat curabitur gravida nisi at,9356820821,312,4973144177,"Cras mi pede, malesuada in, imperdiet et, commodo vulputate, justo. In blandit ultrices enim. Lorem ipsum dolor sit amet, consectetuer adipiscing elit.

Proin interdum mauris non ligula pellentesque ultrices. Phasellus id sapien in sapien iaculis congue. Vivamus metus arcu, adipiscing molestie, hendrerit at, vulputate vitae, nisl.

Aenean lectus. Pellentesque eget nunc. Donec quis orci eget orci vehicula condimentum.

Curabitur in libero ut massa volutpat convallis. Morbi odio odio, elementum eu, interdum eu, tincidunt in, leo. Maecenas pulvinar lobortis est."
Morly Leroux,Plajo,Ms,69463 Cody Trail,+48 (519) 238-2801,+385 (987) 218-2103,arcu libero rutrum ac lobortis vel dapibus at diam nam,2937442161,313,2986648800,"Sed sagittis. Nam congue, risus semper porta volutpat, quam pede lobortis ligula, sit amet eleifend pede libero quis orci. Nullam molestie nibh in lectus.

Pellentesque at nulla. Suspendisse potenti. Cras in purus eu magna vulputate luctus.

Cum sociis natoque penatibus et magnis dis parturient montes, nascetur ridiculus mus. Vivamus vestibulum sagittis sapien. Cum sociis natoque penatibus et magnis dis parturient montes, nascetur ridiculus mus.

Etiam vel augue. Vestibulum rutrum rutrum neque. Aenean auctor gravida sem."
Willdon Suffield,Eare,Mrs,024 Tomscot Way,+62 (580) 167-7952,+7 (338) 983-9140,est et tempus semper est quam pharetra magna ac,5210102513,314,7255363261,"Duis bibendum. Morbi non quam nec dui luctus rutrum. Nulla tellus.

In sagittis dui vel nisl. Duis ac nibh. Fusce lacus purus, aliquet at, feugiat non, pretium quis, lectus.

Suspendisse potenti. In eleifend quam a odio. In hac habitasse platea dictumst.

Maecenas ut massa quis augue luctus tincidunt. Nulla mollis molestie lorem. Quisque ut erat.

Curabitur gravida nisi at nibh. In hac habitasse platea dictumst. Aliquam augue quam, sollicitudin vitae, consectetuer eget, rutrum at, lorem."
Susan Dilland,Jetpulse,Honorable,62902 Fairview Park,+351 (694) 518-2682,+62 (368) 363-5465,lectus in quam fringilla rhoncus mauris enim,3457946647,315,5372592028,"Aenean fermentum. Donec ut mauris eget massa tempor convallis. Nulla neque libero, convallis eget, eleifend luctus, ultricies eu, nibh."
Klemens Pickard,Voonix,Honorable,5516 Knutson Place,+33 (716) 885-4752,+7 (487) 695-9475,dolor sit amet consectetuer adipiscing elit proin,5158698260,316,7932134218,"Proin eu mi. Nulla ac enim. In tempor, turpis nec euismod scelerisque, quam turpis adipiscing lorem, vitae mattis nibh ligula nec sem.

Duis aliquam convallis nunc. Proin at turpis a pede posuere nonummy. Integer non velit.

Donec diam neque, vestibulum eget, vulputate ut, ultrices vel, augue. Vestibulum ante ipsum primis in faucibus orci luctus et ultrices posuere cubilia Curae; Donec pharetra, magna vestibulum aliquet ultrices, erat tortor sollicitudin mi, sit amet lobortis sapien sapien non mi. Integer ac neque.

Duis bibendum. Morbi non quam nec dui luctus rutrum. Nulla tellus.

In sagittis dui vel nisl. Duis ac nibh. Fusce lacus purus, aliquet at, feugiat non, pretium quis, lectus."
Kendricks Dimmock,Flashpoint,Mr,9686 Norway Maple Lane,+7 (383) 247-9985,+62 (158) 958-0037,consequat lectus in est risus,2772874214,317,6803107973,"Sed sagittis. Nam congue, risus semper porta volutpat, quam pede lobortis ligula, sit amet eleifend pede libero quis orci. Nullam molestie nibh in lectus.

Pellentesque at nulla. Suspendisse potenti. Cras in purus eu magna vulputate luctus.

Cum sociis natoque penatibus et magnis dis parturient montes, nascetur ridiculus mus. Vivamus vestibulum sagittis sapien. Cum sociis natoque penatibus et magnis dis parturient montes, nascetur ridiculus mus.

Etiam vel augue. Vestibulum rutrum rutrum neque. Aenean auctor gravida sem.

Praesent id massa id nisl venenatis lacinia. Aenean sit amet justo. Morbi ut odio."
Clari Siely,Centizu,Mrs,20853 Del Sol Circle,+234 (323) 135-6836,+55 (956) 367-3415,amet consectetuer adipiscing elit proin interdum mauris non,8909369256,318,4379265374,Integer ac leo. Pellentesque ultrices mattis odio. Donec vitae nisi.
Bil Breitling,Browsetype,Ms,02163 Canary Park,+51 (514) 549-8202,+55 (471) 603-9652,interdum mauris ullamcorper purus sit amet nulla quisque,4568671914,319,1277412774,Nullam sit amet turpis elementum ligula vehicula consequat. Morbi a ipsum. Integer a nibh.
Pansy Tocqueville,Voonix,Mrs,70 International Lane,+86 (848) 813-5563,+86 (317) 604-5800,risus auctor sed tristique in,4690768943,320,1028829108,"In hac habitasse platea dictumst. Morbi vestibulum, velit id pretium iaculis, diam erat fermentum justo, nec condimentum neque sapien placerat ante. Nulla justo.

Aliquam quis turpis eget elit sodales scelerisque. Mauris sit amet eros. Suspendisse accumsan tortor quis turpis.

Sed ante. Vivamus tortor. Duis mattis egestas metus.

Aenean fermentum. Donec ut mauris eget massa tempor convallis. Nulla neque libero, convallis eget, eleifend luctus, ultricies eu, nibh.

Quisque id justo sit amet sapien dignissim vestibulum. Vestibulum ante ipsum primis in faucibus orci luctus et ultrices posuere cubilia Curae; Nulla dapibus dolor vel est. Donec odio justo, sollicitudin ut, suscipit a, feugiat et, eros."
Wendell Theis,Browsecat,Mrs,2 Gerald Court,+1 (599) 497-5328,+62 (950) 856-9448,tortor quis turpis sed ante vivamus tortor duis mattis egestas,8312003495,321,2482304504,"Duis bibendum. Morbi non quam nec dui luctus rutrum. Nulla tellus.

In sagittis dui vel nisl. Duis ac nibh. Fusce lacus purus, aliquet at, feugiat non, pretium quis, lectus.

Suspendisse potenti. In eleifend quam a odio. In hac habitasse platea dictumst.

Maecenas ut massa quis augue luctus tincidunt. Nulla mollis molestie lorem. Quisque ut erat."
Erina Merrigan,Kimia,Ms,41 Porter Pass,+232 (336) 814-9781,+1 (571) 505-9029,velit donec diam neque vestibulum eget vulputate ut,6534568802,322,724605517,"Proin eu mi. Nulla ac enim. In tempor, turpis nec euismod scelerisque, quam turpis adipiscing lorem, vitae mattis nibh ligula nec sem.

Duis aliquam convallis nunc. Proin at turpis a pede posuere nonummy. Integer non velit.

Donec diam neque, vestibulum eget, vulputate ut, ultrices vel, augue. Vestibulum ante ipsum primis in faucibus orci luctus et ultrices posuere cubilia Curae; Donec pharetra, magna vestibulum aliquet ultrices, erat tortor sollicitudin mi, sit amet lobortis sapien sapien non mi. Integer ac neque.

Duis bibendum. Morbi non quam nec dui luctus rutrum. Nulla tellus.

In sagittis dui vel nisl. Duis ac nibh. Fusce lacus purus, aliquet at, feugiat non, pretium quis, lectus."
Jake Jaggers,Brainlounge,Mr,12424 Hanover Hill,+86 (592) 504-7278,+7 (910) 985-9012,aenean fermentum donec ut mauris eget massa tempor convallis nulla,822259613,323,8189098039,"Maecenas tristique, est et tempus semper, est quam pharetra magna, ac consequat metus sapien ut nunc. Vestibulum ante ipsum primis in faucibus orci luctus et ultrices posuere cubilia Curae; Mauris viverra diam vitae quam. Suspendisse potenti.

Nullam porttitor lacus at turpis. Donec posuere metus vitae ipsum. Aliquam non mauris.

Morbi non lectus. Aliquam sit amet diam in magna bibendum imperdiet. Nullam orci pede, venenatis non, sodales sed, tincidunt eu, felis.

Fusce posuere felis sed lacus. Morbi sem mauris, laoreet ut, rhoncus aliquet, pulvinar sed, nisl. Nunc rhoncus dui vel sem."
Ransom Tetford,Lajo,Dr,69620 Canary Circle,+62 (262) 339-4268,+86 (354) 120-6142,in hac habitasse platea dictumst maecenas,2290534536,324,8285427528,"In quis justo. Maecenas rhoncus aliquam lacus. Morbi quis tortor id nulla ultrices aliquet.

Maecenas leo odio, condimentum id, luctus nec, molestie sed, justo. Pellentesque viverra pede ac diam. Cras pellentesque volutpat dui.

Maecenas tristique, est et tempus semper, est quam pharetra magna, ac consequat metus sapien ut nunc. Vestibulum ante ipsum primis in faucibus orci luctus et ultrices posuere cubilia Curae; Mauris viverra diam vitae quam. Suspendisse potenti."
Kyrstin Sinkinson,Skinix,Mrs,15472 Leroy Circle,+86 (360) 945-4001,+218 (138) 275-5295,ornare consequat lectus in est risus auctor sed,3201643394,325,3421413339,"Lorem ipsum dolor sit amet, consectetuer adipiscing elit. Proin risus. Praesent lectus.

Vestibulum quam sapien, varius ut, blandit non, interdum in, ante. Vestibulum ante ipsum primis in faucibus orci luctus et ultrices posuere cubilia Curae; Duis faucibus accumsan odio. Curabitur convallis.

Duis consequat dui nec nisi volutpat eleifend. Donec ut dolor. Morbi vel lectus in quam fringilla rhoncus.

Mauris enim leo, rhoncus sed, vestibulum sit amet, cursus id, turpis. Integer aliquet, massa id lobortis convallis, tortor risus dapibus augue, vel accumsan tellus nisi eu orci. Mauris lacinia sapien quis libero."
Cassaundra Boler,Vinder,Honorable,66753 Tomscot Center,+63 (582) 722-9683,+86 (519) 648-9003,in faucibus orci luctus et ultrices posuere cubilia curae donec,9298565526,326,723021244,"Sed ante. Vivamus tortor. Duis mattis egestas metus.

Aenean fermentum. Donec ut mauris eget massa tempor convallis. Nulla neque libero, convallis eget, eleifend luctus, ultricies eu, nibh."
Julius Sarfati,Zoomzone,Dr,748 Maple Wood Street,+7 (815) 702-9573,+385 (954) 127-0148,rutrum rutrum neque aenean auctor gravida,390345164,327,186753888,"Aenean fermentum. Donec ut mauris eget massa tempor convallis. Nulla neque libero, convallis eget, eleifend luctus, ultricies eu, nibh.

Quisque id justo sit amet sapien dignissim vestibulum. Vestibulum ante ipsum primis in faucibus orci luctus et ultrices posuere cubilia Curae; Nulla dapibus dolor vel est. Donec odio justo, sollicitudin ut, suscipit a, feugiat et, eros.

Vestibulum ac est lacinia nisi venenatis tristique. Fusce congue, diam id ornare imperdiet, sapien urna pretium nisl, ut volutpat sapien arcu sed augue. Aliquam erat volutpat."
Lilah Meriot,Abata,Honorable,31 Continental Crossing,+7 (312) 462-6685,+86 (404) 791-6561,morbi a ipsum integer a nibh in,4996464089,328,8674939457,"Morbi porttitor lorem id ligula. Suspendisse ornare consequat lectus. In est risus, auctor sed, tristique in, tempus sit amet, sem.

Fusce consequat. Nulla nisl. Nunc nisl.

Duis bibendum, felis sed interdum venenatis, turpis enim blandit mi, in porttitor pede justo eu massa. Donec dapibus. Duis at velit eu est congue elementum.

In hac habitasse platea dictumst. Morbi vestibulum, velit id pretium iaculis, diam erat fermentum justo, nec condimentum neque sapien placerat ante. Nulla justo."
Vivia Ternault,Linkbridge,Rev,73032 Darwin Pass,+66 (945) 688-9020,+355 (715) 466-2349,parturient montes nascetur ridiculus mus,115318763,329,5810139965,"Duis bibendum. Morbi non quam nec dui luctus rutrum. Nulla tellus.

In sagittis dui vel nisl. Duis ac nibh. Fusce lacus purus, aliquet at, feugiat non, pretium quis, lectus.

Suspendisse potenti. In eleifend quam a odio. In hac habitasse platea dictumst."