Address,Phone,Contact_Title,First_Name,Last_Name,Demographics,CI_Customer_ID,O_Order_ID
85249 Erie Pass,+62 (443) 247-6221,Ms,Ezri,Cussons,molestie sed justo pellentesque,1,6961461808
26809 Fulton Trail,+62 (196) 889-4157,Honorable,Humfried,Aspland,mus etiam vel,2,7906908899
6 Namekagon Hill,+7 (207) 269-5768,Ms,Yelena,Budgeon,odio odio elementum,3,379973790
2 Swallow Terrace,+595 (515) 340-3558,Dr,Moses,Stowell,ut mauris eget massa,4,8439379773
57 Lighthouse Bay Avenue,+55 (775) 386-2706,Rev,Lib,Dunklee,vel,5,1899052011
8 Elmside Court,+1 (202) 886-2384,Honorable,Marcellina,Raylton,ac nulla sed,6,5628656348
28 Jackson Street,+7 (761) 700-9126,Ms,Essa,Beggs,platea dictumst etiam faucibus,7,9689127381
77 Wayridge Alley,+86 (307) 844-4109,Mrs,Vidovik,Jollie,sapien cum,8,6120256059
93 Clemons Lane,+63 (484) 719-1963,Dr,Maurene,Kinghorn,tortor id nulla ultrices,9,9589036694
665 David Road,+502 (273) 263-0018,Dr,Averyl,Dunbleton,eget rutrum at lorem,10,6767156523
1049 Roxbury Junction,+62 (608) 742-1540,Rev,Broderic,Haye,dis parturient montes nascetur ridiculus,11,5152193728
7 Tony Plaza,+86 (266) 232-1599,Rev,Linnie,Peris,odio consequat varius,12,7894489964
6916 Bartillon Crossing,+84 (626) 125-4142,Mrs,Duff,Itschakov,ultrices enim,13,7048179813
64846 Sutherland Avenue,+1 (757) 769-7108,Ms,Mabel,Mityushkin,nulla eget eros elementum,14,1769208488
6336 Raven Crossing,+86 (563) 168-3002,Honorable,Curran,Streetfield,id turpis integer aliquet,15,1360471308
71946 Fair Oaks Street,+7 (656) 460-2873,Honorable,Heinrick,Accombe,ultrices posuere,16,4025070472
56 Grover Street,+251 (600) 102-6418,Rev,Flynn,D'Alesco,quam suspendisse potenti,17,9206801538
041 Blaine Parkway,+86 (144) 249-4110,Honorable,Dicky,Fisbey,platea dictumst aliquam,18,3713305595
41 Butternut Lane,+233 (984) 672-5775,Ms,Leoine,Kief,sit amet consectetuer adipiscing elit,19,7866523061
3190 Little Fleur Junction,+420 (243) 868-0611,Honorable,Nickolaus,Napier,id consequat,20,6819996128
8 Upham Parkway,+46 (352) 276-2682,Rev,Siffre,Copnall,neque sapien placerat ante nulla,21,9232066084
619 Carioca Parkway,+51 (446) 717-4914,Ms,Rosemonde,O' Molan,pede justo,22,3039400126
66 Kipling Drive,+86 (336) 247-0425,Mr,Fanechka,Tallquist,venenatis lacinia aenean sit,23,126297819
83410 Lindbergh Alley,+60 (314) 341-4186,Dr,Kim,Stokell,lectus in quam fringilla,24,5651462198
57910 Summer Ridge Park,+595 (829) 589-0148,Mrs,Nat,Pavlovsky,suspendisse,25,9065729194
0767 Dixon Drive,+86 (902) 848-6111,Ms,Wilhelmine,Cammocke,eget orci vehicula condimentum,26,3517588989
8176 Oxford Circle,+86 (400) 453-3089,Ms,Gwenette,Yeell,id turpis integer aliquet,27,9435616798
56 Hansons Point,+86 (384) 695-7964,Honorable,Lacey,Pietasch,congue elementum in hac,28,6584891771
5 Chive Hill,+58 (423) 112-2044,Dr,Caldwell,Petrashov,molestie lorem quisque,29,6084355099
79 Scott Way,+998 (458) 846-2634,Dr,Giorgi,Crone,mattis egestas metus aenean,30,2823170448
8722 Eggendart Park,+86 (903) 643-1036,Honorable,Rodolph,Lowless,duis consequat,31,6410179871
74 Oneill Park,+1 (453) 305-0884,Mrs,Silvie,Aspinal,nulla suscipit ligula,32,3986468862
89 Carberry Point,+86 (368) 123-2219,Honorable,Sherwin,Pighills,cras mi pede malesuada,33,2293534340
29 Pennsylvania Center,+380 (918) 655-2770,Dr,Cristian,Rowter,at diam nam tristique tortor,34,8621079631
0387 High Crossing Street,+7 (373) 250-5870,Honorable,Phillipe,Brosnan,quisque porta volutpat,35,8252416594
40 Northport Alley,+46 (670) 262-7000,Dr,Konstantine,Allwright,eros viverra eget congue eget,36,8787066025
768 Forest Dale Drive,+86 (318) 220-5365,Rev,Farrah,Rillatt,varius ut blandit non,37,7544148254
5 Forest Pass,+86 (599) 324-7711,Mr,Kip,Shortell,in tempor turpis,38,9730397341
72268 Victoria Junction,+998 (258) 940-6278,Dr,Mariejeanne,Luno,rutrum,39,572719663
835 Lerdahl Circle,+48 (589) 662-2507,Dr,Alanah,Tewes,turpis adipiscing lorem,40,9980125284
31 South Avenue,+62 (252) 731-0000,Ms,Cosette,Wincer,amet justo,41,5255769002
7835 Grayhawk Place,+48 (559) 637-5850,Ms,Shaun,McKomb,sapien sapien non mi integer,42,3446003452
731 Garrison Center,+86 (236) 141-2947,Dr,Sigmund,Cutmare,suspendisse accumsan tortor quis turpis,43,4696262391
78 Twin Pines Court,+62 (549) 952-3623,Mrs,May,Knoton,proin at turpis a,44,5547855707
919 Holmberg Crossing,+63 (413) 639-2135,Mrs,Kingsly,Cavaney,quis,45,7163912366
6532 Anhalt Alley,+62 (424) 857-6836,Ms,Lacey,Leeds,morbi vel,46,9598723836
211 Coleman Street,+55 (873) 225-1720,Mr,Tabb,Brooks,rhoncus aliquam lacus,47,1046900684
17 Susan Parkway,+970 (948) 718-2370,Honorable,Bell,Kolak,ut rhoncus,48,1197263799
16532 American Ash Lane,+86 (467) 200-7635,Ms,Pearle,O'Daly,ac tellus semper interdum,49,7211693908
39834 Marquette Way,+63 (719) 578-9694,Dr,Betteann,Doddemeede,tincidunt lacus at velit vivamus,50,2454447231
0910 Bartelt Plaza,+967 (348) 767-6235,Rev,Nikos,Lapping,blandit,51,436056917
7 Green Ridge Lane,+504 (244) 743-9731,Honorable,Dari,Seden,est donec odio,52,797510788
7587 Mendota Terrace,+62 (677) 329-6468,Dr,Codi,Janeway,suscipit nulla elit ac,53,2391835264
8850 Evergreen Road,+998 (366) 621-1933,Honorable,Tish,Elener,laoreet ut rhoncus,54,9618837327
6 Arizona Place,+86 (209) 944-1045,Mrs,Morie,Snelling,dolor quis odio consequat varius,55,6004763659
64493 Fairfield Lane,+86 (208) 848-4566,Mrs,Germaine,Searl,integer aliquet massa,56,8772288388
3 Goodland Pass,+46 (988) 349-8433,Rev,Walden,Hoult,in felis,57,7360457440
222 Riverside Alley,+46 (993) 884-4119,Mrs,Bethanne,Corlett,dui luctus rutrum nulla,58,3643584784
482 Red Cloud Plaza,+49 (386) 506-1803,Rev,Daile,Mellonby,justo,59,915589419
44 Forest Run Court,+46 (453) 483-5946,Mrs,Sue,Wilcocks,velit donec diam neque,60,3311615131
9873 Marquette Way,+57 (646) 419-8647,Honorable,Daryl,Kinman,vestibulum sed,61,8268765534
1 Glendale Avenue,+62 (712) 272-6700,Ms,Gearalt,Valerius,quam nec dui luctus rutrum,62,3367348872
0 Dixon Road,+86 (392) 317-7623,Rev,Gerrie,Le Marchant,duis bibendum,63,6936214738
13660 Jay Center,+62 (332) 204-5069,Ms,Cele,Klimuk,cubilia curae mauris viverra diam,64,4529860612
428 Sachtjen Crossing,+351 (356) 801-8887,Mrs,Carmencita,Towell,nisl aenean lectus,65,4676993722
2364 Green Ridge Alley,+380 (757) 161-2983,Honorable,Staci,Woofenden,faucibus orci luctus et ultrices,66,1309510881
4076 Schiller Circle,+380 (649) 806-8284,Dr,Harri,Jerrard,lectus,67,4818174327
25 Atwood Trail,+86 (736) 544-2510,Dr,Kristian,Meadus,interdum eu tincidunt in leo,68,8917734014
5528 Stone Corner Place,+62 (601) 667-5686,Ms,Uri,Vogt,congue,69,16724860
612 Bartillon Junction,+86 (666) 719-5944,Ms,Emmaline,Winsome,risus dapibus augue vel,70,3858560367
0343 Cherokee Junction,+86 (100) 998-4155,Mr,Lida,Rushbrook,nunc,71,8252577695
9206 Kropf Hill,+46 (992) 672-2979,Mr,Dunc,Kares,montes nascetur ridiculus mus vivamus,72,9127112683
401 Columbus Circle,+86 (991) 338-1433,Mr,Adriana,Marran,ac est lacinia,73,7380148079
2761 Buhler Way,+976 (818) 162-0626,Dr,Mateo,Roggeman,erat id mauris,74,6339340199
15925 Dexter Way,+52 (625) 622-1808,Mr,Deirdre,Di Antonio,ut volutpat sapien arcu sed,75,7230904358
55 Bonner Road,+62 (737) 634-4849,Mr,Donnamarie,Chuck,sodales scelerisque,76,3998325468
9 Dixon Trail,+967 (585) 562-3607,Ms,Morna,Conrard,mattis odio donec vitae,77,9332879621
7407 Truax Parkway,+995 (413) 523-7757,Honorable,Caitlin,McGrady,vestibulum velit id pretium iaculis,78,8361190554
737 Granby Court,+86 (753) 834-5065,Honorable,Noelyn,Grimwood,quisque id,79,2088362681
5 Saint Paul Alley,+86 (630) 922-7193,Mrs,Bax,Drinkhall,odio cras mi pede malesuada,80,6082509978
433 Acker Pass,+62 (278) 151-9651,Dr,Samuel,Speaks,natoque penatibus et,81,4839263469
1168 Longview Parkway,+46 (562) 576-5030,Rev,Dan,Saulter,at diam nam tristique tortor,82,1810650860
22219 Claremont Avenue,+351 (779) 575-1262,Mrs,Afton,Ganley,a ipsum integer a nibh,83,6978435546
30359 Summit Drive,+51 (256) 546-2497,Ms,Alley,Allston,praesent blandit nam nulla,84,5093849219
269 Butterfield Drive,+33 (522) 556-4463,Mr,Norean,Huson,urna ut tellus nulla ut,85,5781348212
67 Twin Pines Hill,+251 (697) 895-9767,Mrs,Gregorio,Geach,praesent id massa,86,3821255234
57 Melrose Center,+380 (105) 228-5374,Mr,Sallyanne,Kaaskooper,turpis adipiscing lorem vitae,87,8073267292
303 Burrows Avenue,+86 (207) 332-2732,Mrs,Anderea,Borsnall,aenean sit amet justo,88,57518769
632 Mesta Street,+63 (115) 992-8959,Mrs,Mimi,Biner,odio,89,1030367671
3593 Daystar Park,+86 (724) 805-5791,Mrs,Torrey,Eade,molestie,90,8184669038
9 Brickson Park Junction,+355 (648) 868-6189,Mrs,Kathleen,Schimank,sapien placerat ante nulla justo,91,2409591930
7352 Forest Road,+7 (410) 356-4006,Mrs,Kelsey,MacPaden,quam fringilla,92,5018026995
3564 Weeping Birch Alley,+51 (389) 126-9995,Mr,Vidovic,Milberry,sollicitudin mi,93,9922407027
39 Lukken Point,+46 (314) 483-0973,Mrs,Hugibert,Shepeard,in,94,9656610008
9 Claremont Parkway,+1 (131) 391-3824,Honorable,Bobbe,Bourtoumieux,ultrices mattis odio donec,95,1735611522
0 8th Terrace,+62 (678) 861-3335,Mr,Celene,Sterman,semper rutrum,96,1922798517
864 Colorado Road,+994 (451) 629-2424,Mr,Udale,Larchiere,ultrices posuere,97,8582020880
59 Maywood Terrace,+63 (662) 604-3545,Rev,Virgie,Manus,augue vel,98,4864496706
9 Holy Cross Pass,+227 (985) 546-4480,Mrs,Irvine,Stebbings,sodales,99,5192542138
51831 Farmco Trail,+82 (353) 743-1142,Mrs,Miquela,Atcheson,orci,100,2697712445