Int_Emp_ID,Depend_Number,Depend_Name,Gender,Relationship
2,1,Carson Delue,Male,vulputate nonummy
77,2,Tobye Ida,Female,at
7,3,Merrill Halsall,Male,dis parturient
75,4,Winslow Negro,Male,proin
45,5,Steward Eckersley,Male,et magnis
22,6,Ham Valentinuzzi,Male,nulla tellus
28,7,Rouvin Henner,Male,lectus vestibulum
7,8,Miner Dohmer,Male,turpis elementum
92,9,Barclay Bernakiewicz,Male,suspendisse
48,10,Lowe Faltin,Agender,donec
13,11,Fanni Houchin,Female,ante ipsum
29,12,Caleb Marlin,Male,in
6,13,Katharina Pryke,Female,in libero
9,14,Galina Jerrand,Non-binary,faucibus cursus
69,15,Tome Bathowe,Male,duis
54,16,Ramsey Jedrychowski,Male,in
98,17,Ranee Verne,Female,nisl duis
74,18,Reg Forlonge,Male,tellus
2,19,Emile Douche,Genderfluid,nulla
5,20,Farica Grouvel,Female,congue
47,21,Lucia Hadye,Female,pellentesque at
51,22,Lance Willis,Male,sed
1,23,Alley Spikings,Male,pretium
44,24,Cordy Santori,Female,integer tincidunt
3,25,Ursala Hemeret,Female,erat volutpat
85,26,Inez Alexander,Female,id
14,27,Lilli Schermick,Genderfluid,duis
74,28,Glenn Lepick,Genderfluid,pede malesuada
43,29,Delly Iacovini,Female,nunc
63,30,Auroora MacSorley,Female,ut tellus
97,31,Sarina Sowden,Female,cubilia curae
26,32,Mollee Krolik,Female,est
29,33,Marabel Collishaw,Non-binary,massa
3,34,Oralie Give,Female,in est
86,35,Risa Troman,Female,posuere cubilia
28,36,Felike Garcia,Bigender,libero
34,37,Tadeas Russo,Male,fusce
69,38,Drusi Geake,Female,elit
25,39,Phillis Cruse,Genderfluid,consequat metus
67,40,Zeb Hourihan,Non-binary,felis
10,41,Quinton Hamblen,Male,nibh
89,42,Rolando Rigney,Male,quis libero
99,43,Brannon McKeefry,Male,ultrices posuere
52,44,Gunner McLeman,Male,potenti nullam
8,45,Estelle Gravenell,Female,orci
14,46,Mari Frodsham,Female,pellentesque at
97,47,Zsa zsa D'Adda,Female,cubilia
60,48,Fabio Klemke,Male,at
29,49,Oliviero Tebbutt,Male,at turpis
51,50,Mozes Pankhurst.,Male,molestie
26,51,Angele Patience,Genderqueer,at velit
65,52,Sheff Marran,Male,lacus
28,53,Geno Murrey,Male,mauris ullamcorper
8,54,Martainn Downgate,Polygender,nunc viverra
42,55,Gusta Couroy,Female,ante
99,56,Roze Thunnercliff,Female,id ornare
52,57,Trace Wibberley,Polygender,eu
11,58,Kaiser Karpman,Male,at diam
53,59,Obediah Rowantree,Male,cubilia curae
16,60,Gilemette Craw,Agender,at nulla
87,61,Chas Bissatt,Male,integer
98,62,Amber Davisson,Female,rhoncus
17,63,Horst O'Feeny,Male,mattis nibh
1,64,Wilek Reape,Male,duis
46,65,Melamie Freshwater,Female,semper
53,66,Kelsey Learmond,Female,tincidunt
36,67,Whitby Reasce,Male,ipsum dolor
66,68,Chane Putten,Male,ac leo
11,69,Brooke Mardall,Polygender,a
2,70,Brander Veneur,Male,vitae
5,71,Frederic Caunce,Male,vestibulum
69,72,Silvano Pickworth,Genderfluid,felis sed
9,73,Haze Crichley,Male,habitasse
87,74,Auberon Albasiny,Male,sed vel
77,75,Witty Dunne,Male,cum sociis
72,76,Aldon McGrady,Bigender,odio in
50,77,Egon Wraggs,Male,sapien
13,78,Von Pawling,Male,pede
77,79,Corrianne Fullom,Female,magna
5,80,Yank Ionnisian,Male,diam vitae
45,81,David Davey,Male,feugiat et
31,82,Jerrie Bemand,Female,at dolor
2,83,Toby House,Male,mauris non
49,84,Yancey Bradburn,Male,interdum venenatis
55,85,Benson Yakubowicz,Male,dignissim vestibulum
78,86,Mathilde Le Provest,Female,turpis nec
77,87,Dalston Vittel,Male,quisque id
94,88,Flynn Willshee,Male,tincidunt
52,89,Elvyn Roskrug,Male,felis sed
41,90,Tommy Kelway,Female,congue etiam
28,91,Rania Haugeh,Female,augue
21,92,Vergil Brownlea,Male,libero quis
37,93,Kaleb Capelle,Male,quam
25,94,Ches Umpleby,Male,magna vestibulum
95,95,Knox Ferraro,Male,augue
32,96,Alejandrina Schiefersten,Female,odio
80,97,Hildagarde Wringe,Female,curabitur convallis
91,98,Jarrod Tolworth,Male,pulvinar
28,99,Carmon Farrow,Female,ultrices
77,100,Moe Uttridge,Male,id
