Int_Emp_ID,Proj_Name,Proj_Number
25,Tres-Zap,97
29,Gembucket,54
37,Regrant,45
71,Biodex,96
54,Domainer,3
19,Flexidy,26
92,Job,10
6,Duobam,16
88,Pannier,42
31,Solarbreeze,61
93,Cardify,17
24,Bytecard,25
35,Latlux,89
84,Bitwolf,18
68,Bitwolf,36
60,Flowdesk,56
3,Vagram,24
90,Pannier,47
93,Flexidy,71
31,Daltfresh,40
52,Cookley,57
82,Toughjoyfax,72
26,Zaam-Dox,38
88,Bytecard,58
37,Fix San,98
25,Cardify,78
61,Opela,4
78,Cookley,57
92,Zaam-Dox,77
57,Otcom,46
53,Duobam,16
88,Lotstring,34
76,Wrapsafe,12
100,Bitwolf,11
31,Bitwolf,18
22,Fix San,98
23,Cardify,79
90,Cardguard,8
30,Bamity,76
59,Transcof,44
27,Vagram,24
67,Gembucket,13
10,Voltsillam,48
99,Fix San,98
11,Tres-Zap,97
23,Ronstring,82
65,Cardify,74
100,Lotstring,34
14,Lotstring,75
44,Zaam-Dox,35
74,Kanlam,62
60,Wrapsafe,12
87,Voltsillam,28
24,Voltsillam,1
81,Lotstring,34
49,Cardify,17
97,Vagram,24
57,Zoolab,33
82,Subin,51
19,Opela,85
8,Cardify,74
72,Latlux,15
97,Transcof,69
34,Cardguard,2
19,Fixflex,70
48,Bitchip,86
91,Wrapsafe,12
98,Bitwolf,11
68,Quo Lux,68
85,Holdlamis,20
65,Zoolab,33
73,Tempsoft,55
71,Daltfresh,40
59,Quo Lux,68
60,Andalax,65
99,Transcof,44
48,Cardguard,32
14,Cookley,100
2,Tampflex,53
32,Bytecard,58
46,Andalax,65
11,Voltsillam,28
31,Voltsillam,27
59,Pannier,22
25,Regrant,45
14,Stim,41
17,Solarbreeze,61
45,Gembucket,7
61,Zoolab,23
84,Transcof,88
47,Otcom,46
97,Biodex,39
58,Overhold,49
33,Opela,4
35,Y-find,66
16,Lotstring,34
19,Zathin,21
68,Biodex,63
44,Cardguard,32
43,Flowdesk,56
